symbol,date,open,high,low,close,volume
VOO,2020-01-02,297.29,298.45,296.34,298.42,3142400.0
VOO,2020-01-03,295.22,297.36,295.04,296.24,3247900.0
VOO,2020-01-06,294.42,297.42,294.35,297.35,2777100.0
VOO,2020-01-07,296.82,297.27,296.06,296.53,2251800.0
VOO,2020-01-08,296.71,299.31,296.47,298.06,3719500.0
VOO,2020-01-09,299.73,300.19,299.09,300.12,2168500.0
VOO,2020-01-10,300.74,300.86,298.79,299.26,3666800.0
VOO,2020-01-13,299.91,301.32,299.48,301.24,2728000.0
VOO,2020-01-14,300.89,301.91,300.32,300.84,2620100.0
VOO,2020-01-15,300.81,302.3,300.69,301.51,2822300.0
VOO,2020-01-16,302.94,304.04,302.71,304.03,2582600.0
VOO,2020-01-17,304.77,305.2,304.2,305.06,2218000.0
VOO,2020-01-21,304.08,305.22,304.0,304.43,2757900.0
VOO,2020-01-22,305.31,305.92,304.32,304.51,2765300.0
VOO,2020-01-23,303.84,304.97,302.66,304.81,2673100.0
VOO,2020-01-24,305.42,305.52,300.81,302.03,3448200.0
VOO,2020-01-27,296.84,298.73,296.45,297.23,4302000.0
VOO,2020-01-28,298.7,301.22,298.22,300.45,3562500.0
VOO,2020-01-29,301.78,301.94,299.92,300.15,2739400.0
VOO,2020-01-30,298.04,301.29,297.3,301.09,4432700.0
VOO,2020-01-31,300.44,300.6,294.72,295.69,6184700.0
VOO,2020-02-03,297.12,299.67,297.03,297.84,3205200.0
VOO,2020-02-04,301.5,303.23,301.16,302.43,2292800.0
VOO,2020-02-05,305.4,306.08,303.87,305.85,3049900.0
VOO,2020-02-06,306.8,307.08,305.81,306.89,1925500.0
VOO,2020-02-07,305.83,306.59,304.74,305.33,2249000.0
VOO,2020-02-10,304.39,307.56,304.35,307.52,2246900.0
VOO,2020-02-11,308.93,309.69,307.61,308.08,2438800.0
VOO,2020-02-12,309.56,310.27,309.17,310.06,2115800.0
VOO,2020-02-13,308.6,310.72,308.36,309.76,2043400.0
VOO,2020-02-14,310.11,310.33,309.0,310.28,1637000.0
VOO,2020-02-18,309.24,309.82,308.03,309.43,3000300.0
VOO,2020-02-19,310.42,311.59,310.12,310.92,2257500.0
VOO,2020-02-20,310.35,311.19,306.67,309.7,4617300.0
VOO,2020-02-21,308.3,308.58,305.62,306.49,2678000.0
VOO,2020-02-24,296.96,299.38,295.17,296.24,7097000.0
VOO,2020-02-25,297.73,298.23,286.36,287.34,8465800.0
VOO,2020-02-26,288.61,292.28,285.48,286.07,10233700
VOO,2020-02-27,280.57,284.48,273.36,273.39,14897000
VOO,2020-02-28,265.32,272.92,262.25,271.74,23179600
VOO,2020-03-02,274.0,284.04,270.49,283.87,12428600
VOO,2020-03-03,284.34,288.32,273.36,276.04,9805900.0
VOO,2020-03-04,281.23,287.65,278.7,287.48,5253900.0
VOO,2020-03-05,280.3,283.41,275.61,277.85,6220000.0
VOO,2020-03-06,269.32,274.46,266.6,273.19,6669100.0
VOO,2020-03-09,253.89,260.99,251.15,252.11,16425900
VOO,2020-03-10,260.48,263.81,250.0,263.81,10879100
VOO,2020-03-11,256.66,257.72,247.62,250.73,11480100
VOO,2020-03-12,234.94,243.68,225.81,226.48,24669300
VOO,2020-03-13,240.66,247.78,228.1,247.64,19533600
VOO,2020-03-16,222.85,234.77,218.14,218.57,17271500
VOO,2020-03-17,223.75,233.95,216.6,232.88,15115500
VOO,2020-03-18,216.08,224.74,208.31,220.15,20177500
VOO,2020-03-19,218.43,226.0,212.11,220.34,12441200
VOO,2020-03-20,222.8,224.56,210.05,210.74,11533200
VOO,2020-03-23,209.63,210.78,200.55,204.27,14128200
VOO,2020-03-24,216.39,224.3,214.83,223.75,13160800
VOO,2020-03-25,225.0,235.51,220.32,226.62,11876400
VOO,2020-03-26,229.27,241.44,228.85,240.24,12411100
VOO,2020-03-27,232.7,239.64,230.66,232.86,11170600
VOO,2020-03-30,234.92,241.1,232.97,240.39,8727800.0
VOO,2020-03-31,239.45,241.94,235.44,236.82,10386300
VOO,2020-04-01,227.92,231.05,224.13,226.15,13710100
VOO,2020-04-02,225.33,232.18,224.72,231.44,6547000.0
VOO,2020-04-03,230.43,232.71,225.34,228.02,5490200.0
VOO,2020-04-06,236.96,245.3,235.93,243.53,7624000.0
VOO,2020-04-07,251.92,252.8,243.46,243.66,12936600
VOO,2020-04-08,246.24,253.05,244.05,251.93,6958600.0
VOO,2020-04-09,255.12,258.39,253.14,255.67,8812600.0
VOO,2020-04-13,254.64,254.95,249.38,253.19,7666400.0
VOO,2020-04-14,258.24,261.63,257.21,260.92,6631100.0
VOO,2020-04-15,255.08,256.9,253.11,255.24,4888900.0
VOO,2020-04-16,256.51,257.3,253.4,256.53,6165700.0
VOO,2020-04-17,262.31,264.0,259.5,263.61,6738800.0
VOO,2020-04-20,259.65,263.1,258.58,258.86,6498700.0
VOO,2020-04-21,254.25,255.49,250.0,250.95,6526100.0
VOO,2020-04-22,255.83,258.23,254.48,256.47,5626800.0
VOO,2020-04-23,257.75,260.9,256.2,256.42,7665400.0
VOO,2020-04-24,258.0,260.7,255.94,260.14,4768200.0
VOO,2020-04-27,262.01,264.91,261.57,263.9,3892200.0
VOO,2020-04-28,267.48,267.79,262.3,262.68,5849500.0
VOO,2020-04-29,267.98,271.0,266.91,269.45,6773100.0
VOO,2020-04-30,268.08,268.58,265.23,267.1,7386600.0
VOO,2020-05-01,262.14,262.85,258.74,259.82,4790700.0
VOO,2020-05-04,257.92,260.9,256.53,260.64,4128900.0
VOO,2020-05-05,263.45,265.81,262.6,263.04,4437200.0
VOO,2020-05-06,264.71,265.11,261.14,261.27,3021400.0
VOO,2020-05-07,264.45,266.3,263.9,264.36,3410200.0
VOO,2020-05-08,267.53,269.14,266.38,268.78,3201100.0
VOO,2020-05-11,266.78,270.2,266.43,268.82,3469300.0
VOO,2020-05-12,269.98,270.4,263.33,263.41,5159900.0
VOO,2020-05-13,262.87,263.9,256.36,258.74,5617500.0
VOO,2020-05-14,256.33,262.0,253.97,261.86,7737600.0
VOO,2020-05-15,259.54,263.11,258.56,263.04,3385900.0
VOO,2020-05-18,269.32,272.7,269.06,271.08,6759200.0
VOO,2020-05-19,270.61,272.25,268.34,268.52,4921100.0
VOO,2020-05-20,271.92,273.79,271.69,272.9,4896200.0
VOO,2020-05-21,272.8,273.59,269.95,270.94,3581300.0
VOO,2020-05-22,270.76,271.72,269.5,271.55,2296400.0
VOO,2020-05-26,277.53,277.74,274.55,275.04,4911800.0
VOO,2020-05-27,277.78,279.05,272.86,279.05,5152400.0
VOO,2020-05-28,280.03,282.04,277.81,278.5,4630600.0
VOO,2020-05-29,278.03,280.35,275.36,279.75,7049300.0
VOO,2020-06-01,279.07,281.49,278.57,280.97,3888200.0
VOO,2020-06-02,281.79,283.28,280.46,283.28,4343900.0
VOO,2020-06-03,285.2,287.93,284.93,287.02,5568100.0
VOO,2020-06-04,286.0,287.75,284.2,286.29,3818600.0
VOO,2020-06-05,291.63,295.38,291.61,293.61,6015500.0
VOO,2020-06-08,294.43,297.32,293.88,297.17,5559700.0
VOO,2020-06-09,294.49,296.39,293.63,295.06,4686400.0
VOO,2020-06-10,295.53,296.39,292.59,293.22,5602600.0
VOO,2020-06-11,286.36,286.92,275.8,276.32,7748200.0
VOO,2020-06-12,283.35,284.15,274.5,279.65,6232200.0
VOO,2020-06-15,273.91,283.35,272.77,282.2,4431400.0
VOO,2020-06-16,290.05,290.2,282.83,287.72,5295000.0
VOO,2020-06-17,288.73,289.02,285.88,286.4,2662800.0
VOO,2020-06-18,284.97,287.12,284.55,286.66,2756300.0
VOO,2020-06-19,290.04,290.27,283.67,284.97,3479500.0
VOO,2020-06-22,284.35,287.19,283.26,286.86,2518000.0
VOO,2020-06-23,289.51,290.43,287.76,288.16,2503600.0
VOO,2020-06-24,286.08,286.7,278.97,280.79,4532300.0
VOO,2020-06-25,280.26,284.1,278.22,283.76,3897400.0
VOO,2020-06-26,282.72,282.92,276.52,277.11,4479000.0
VOO,2020-06-29,276.89,279.72,274.72,279.7,3464600.0
VOO,2020-06-30,279.29,284.95,279.15,283.43,5215700.0
VOO,2020-07-01,284.37,286.51,283.95,285.37,3712600.0
VOO,2020-07-02,288.76,290.05,286.18,286.81,3661100.0
VOO,2020-07-06,290.67,291.58,289.9,291.26,3573800.0
VOO,2020-07-07,289.67,291.68,287.89,288.24,3420300.0
VOO,2020-07-08,289.0,290.55,287.29,290.38,2434200.0
VOO,2020-07-09,291.02,291.3,285.41,288.9,3164600.0
VOO,2020-07-10,288.72,292.01,287.34,291.8,2712400.0
VOO,2020-07-13,294.1,296.45,288.61,289.16,3657900.0
VOO,2020-07-14,287.79,293.32,286.63,293.03,4053100.0
VOO,2020-07-15,296.19,296.75,293.35,295.63,6601400.0
VOO,2020-07-16,293.8,295.11,293.15,294.77,3082900.0
VOO,2020-07-17,295.72,296.35,293.75,295.55,2246000.0
VOO,2020-07-20,295.33,298.68,294.6,298.01,2539900.0
VOO,2020-07-21,299.86,300.35,297.66,298.63,3305500.0
VOO,2020-07-22,298.22,300.56,298.11,300.33,4121100.0
VOO,2020-07-23,299.93,300.62,295.38,296.74,3487100.0
VOO,2020-07-24,294.86,295.81,293.3,294.82,2851000.0
VOO,2020-07-27,295.48,297.12,294.74,296.97,2253300.0
VOO,2020-07-28,296.18,297.33,294.79,295.13,3135600.0
VOO,2020-07-29,296.0,299.26,295.9,298.7,2370800.0
VOO,2020-07-30,295.74,298.06,293.67,297.61,2951700.0
VOO,2020-07-31,299.45,300.1,295.24,300.1,4460300.0
VOO,2020-08-03,301.65,302.82,301.13,301.99,3767700.0
VOO,2020-08-04,301.22,303.26,301.22,303.26,2129200.0
VOO,2020-08-05,304.61,305.4,304.31,305.15,2615100.0
VOO,2020-08-06,304.58,307.29,304.25,307.2,4088200.0
VOO,2020-08-07,306.23,307.6,305.32,307.36,3319600.0
VOO,2020-08-10,307.88,308.5,305.92,308.34,2118200.0
VOO,2020-08-11,309.52,310.12,305.07,305.85,3571200.0
VOO,2020-08-12,308.25,310.81,308.2,310.04,2947400.0
VOO,2020-08-13,309.3,310.78,308.56,309.51,4074200.0
VOO,2020-08-14,309.15,310.02,308.34,309.51,2097600.0
VOO,2020-08-17,310.44,310.87,310.09,310.51,2183400.0
VOO,2020-08-18,310.93,311.55,309.28,311.16,2415800.0
VOO,2020-08-19,311.55,312.28,309.31,309.84,2498300.0
VOO,2020-08-20,308.11,311.27,308.02,310.82,2409300.0
VOO,2020-08-21,310.48,312.1,310.17,311.93,2316200.0
VOO,2020-08-24,314.36,315.17,313.37,315.1,2349600.0
VOO,2020-08-25,315.69,316.26,314.5,316.2,2890800.0
VOO,2020-08-26,316.75,319.63,316.25,319.43,2606000.0
VOO,2020-08-27,320.22,321.5,318.47,320.07,2295900.0
VOO,2020-08-28,321.14,322.28,319.95,322.15,3538700.0
VOO,2020-08-31,321.98,322.83,320.8,321.02,5068000.0
VOO,2020-09-01,321.81,324.1,320.94,324.02,3008000.0
VOO,2020-09-02,325.94,329.67,324.78,328.74,5273100.0
VOO,2020-09-03,327.01,327.51,314.81,317.36,6892000.0
VOO,2020-09-04,317.77,319.6,306.9,314.82,5133900.0
VOO,2020-09-08,309.35,310.59,305.85,306.17,4278300.0
VOO,2020-09-09,310.15,314.66,309.29,312.21,3339800.0
VOO,2020-09-10,314.05,314.71,305.82,306.75,3589000.0
VOO,2020-09-11,308.55,309.59,304.17,306.98,3690100.0
VOO,2020-09-14,310.08,312.75,309.61,310.97,3056100.0
VOO,2020-09-15,313.47,314.26,311.52,312.57,2570900.0
VOO,2020-09-16,313.81,315.18,311.04,311.31,2313400.0
VOO,2020-09-17,306.48,310.27,305.96,308.59,2848300.0
VOO,2020-09-18,309.44,309.48,302.55,305.0,3420800.0
VOO,2020-09-21,300.47,301.75,296.83,301.69,4536800.0
VOO,2020-09-22,303.11,305.24,300.67,304.74,2741500.0
VOO,2020-09-23,305.28,305.55,297.17,297.68,2755800.0
VOO,2020-09-24,296.31,301.46,295.04,298.5,3130700.0
VOO,2020-09-25,297.58,304.04,296.72,303.28,2683800.0
VOO,2020-09-28,307.42,309.02,306.43,308.36,2437900.0
VOO,2020-09-29,306.84,307.51,304.65,305.3,2303900.0
VOO,2020-09-30,306.04,310.75,305.85,307.65,4304500.0
VOO,2020-10-01,310.16,311.11,307.76,309.6,3005700.0
VOO,2020-10-02,304.72,308.58,304.21,306.72,3125100.0
VOO,2020-10-05,308.69,312.29,308.69,312.08,2364500.0
VOO,2020-10-06,312.25,314.32,307.18,307.72,3389800.0
VOO,2020-10-07,310.61,313.81,310.6,313.0,1707800.0
VOO,2020-10-08,314.96,315.85,314.05,315.77,1731700.0
VOO,2020-10-09,317.47,319.1,316.85,318.58,2794100.0
VOO,2020-10-12,321.14,325.22,320.66,323.72,2194300.0
VOO,2020-10-13,323.64,323.73,320.71,321.65,2229700.0
VOO,2020-10-14,322.22,323.3,318.93,319.64,1902100.0
VOO,2020-10-15,315.71,319.7,315.23,319.26,2481700.0
VOO,2020-10-16,320.65,322.21,318.9,318.99,1669600.0
VOO,2020-10-19,320.3,320.89,313.33,314.17,2229600.0
VOO,2020-10-20,315.48,318.67,314.78,315.41,3066600.0
VOO,2020-10-21,315.41,317.52,314.59,314.84,2607700.0
VOO,2020-10-22,315.06,317.16,312.99,316.57,2362400.0
VOO,2020-10-23,317.84,317.84,315.24,317.65,1429300.0
VOO,2020-10-26,314.31,315.08,308.36,311.8,3335800.0
VOO,2020-10-27,312.18,312.47,310.56,310.77,2196100.0
VOO,2020-10-28,305.13,305.74,299.62,300.07,5650500.0
VOO,2020-10-29,300.32,306.25,298.69,303.23,5365200.0
VOO,2020-10-30,301.56,302.86,296.37,299.82,5892100.0
VOO,2020-11-02,303.37,305.31,300.63,303.31,4080400.0
VOO,2020-11-03,306.57,310.74,306.09,308.66,3378300.0
VOO,2020-11-04,313.19,319.65,312.0,315.61,5750200.0
VOO,2020-11-05,320.94,323.55,320.52,321.79,3950300.0
VOO,2020-11-06,321.44,322.92,319.43,321.75,3640600.0
VOO,2020-11-09,334.36,335.2,325.28,325.76,8097300.0
VOO,2020-11-10,324.77,326.3,322.06,325.34,4120800.0
VOO,2020-11-11,327.42,328.5,326.17,327.63,2773500.0
VOO,2020-11-12,326.74,327.44,322.73,324.6,2532700.0
VOO,2020-11-13,326.45,329.73,325.89,329.01,1996100.0
VOO,2020-11-16,331.65,333.12,330.41,333.0,3018800.0
VOO,2020-11-17,330.73,332.5,329.25,331.34,3052100.0
VOO,2020-11-18,331.63,332.14,327.29,327.32,2647800.0
VOO,2020-11-19,326.76,329.09,325.41,328.69,2962200.0
VOO,2020-11-20,328.41,328.66,326.4,326.49,3516800.0
VOO,2020-11-23,328.28,329.6,326.06,328.42,2222600.0
VOO,2020-11-24,331.02,334.25,330.1,333.74,2659700.0
VOO,2020-11-25,333.67,333.67,332.15,333.19,2256900.0
VOO,2020-11-27,334.29,334.61,333.18,334.14,984700.0
VOO,2020-11-30,333.4,333.63,330.04,332.64,4175700.0
VOO,2020-12-01,335.92,337.8,335.32,336.3,3224200.0
VOO,2020-12-02,335.22,337.11,334.65,337.01,2270300.0
VOO,2020-12-03,336.91,338.3,335.88,336.91,2851100.0
VOO,2020-12-04,337.5,339.84,337.45,339.81,2907000.0
VOO,2020-12-07,339.07,339.63,337.91,339.18,1943100.0
VOO,2020-12-08,337.89,340.7,337.85,340.16,1948200.0
VOO,2020-12-09,340.79,340.93,336.26,337.14,2545800.0
VOO,2020-12-10,335.74,338.0,334.84,336.98,2738600.0
VOO,2020-12-11,335.31,336.8,333.77,336.55,2387900.0
VOO,2020-12-14,338.76,339.79,334.89,335.01,2654600.0
VOO,2020-12-15,337.64,339.64,336.24,339.64,2757400.0
VOO,2020-12-16,339.83,341.04,338.96,340.16,2943200.0
VOO,2020-12-17,341.77,342.25,340.96,342.01,2627000.0
VOO,2020-12-18,342.39,342.5,338.7,340.64,6025700.0
VOO,2020-12-21,336.83,340.38,334.11,339.59,3918100.0
VOO,2020-12-22,338.47,338.55,336.47,337.54,2371900.0
VOO,2020-12-23,338.54,339.75,337.69,337.81,3682200.0
VOO,2020-12-24,338.37,339.18,337.77,339.16,1447500.0
VOO,2020-12-28,341.74,342.46,341.09,342.11,2798800.0
VOO,2020-12-29,343.63,343.77,340.87,341.39,2555500.0
VOO,2020-12-30,342.28,342.91,341.57,341.85,2009100.0
VOO,2020-12-31,341.82,344.37,341.23,343.69,3507000.0
VOO,2021-01-04,345.02,345.09,335.37,339.03,5402600.0
VOO,2021-01-05,338.4,342.39,338.39,341.26,3299700.0
VOO,2021-01-06,339.79,346.5,339.3,343.33,4805000.0
VOO,2021-01-07,345.74,349.2,345.54,348.46,3638900.0
VOO,2021-01-08,349.88,350.62,346.64,350.42,3758500.0
VOO,2021-01-11,347.36,349.82,347.2,348.13,2975000.0
VOO,2021-01-12,348.3,349.15,345.97,348.16,2298400.0
VOO,2021-01-13,348.11,350.06,347.32,349.03,3039900.0
VOO,2021-01-14,349.85,350.32,347.55,347.85,3497400.0
VOO,2021-01-15,346.27,347.06,343.53,345.37,3622100.0
VOO,2021-01-19,347.8,348.59,346.36,348.1,3433800.0
VOO,2021-01-20,350.32,353.71,349.97,352.83,2920600.0
VOO,2021-01-21,353.46,353.84,352.3,353.16,2580800.0
VOO,2021-01-22,351.38,353.04,350.99,351.9,1812200.0
VOO,2021-01-25,352.71,353.68,347.97,353.33,3549000.0
VOO,2021-01-26,354.23,354.65,352.6,352.8,2430200.0
VOO,2021-01-27,349.54,349.56,341.99,344.24,5010400.0
VOO,2021-01-28,345.97,351.07,345.58,347.13,3432200.0
VOO,2021-01-29,345.31,346.22,338.57,340.18,5803600.0
VOO,2021-02-01,343.63,346.85,341.4,345.77,3334000.0
VOO,2021-02-02,349.05,352.34,349.0,350.74,2955200.0
VOO,2021-02-03,351.7,352.8,349.88,351.09,3392800.0
VOO,2021-02-04,352.12,355.04,351.92,355.02,1988300.0
VOO,2021-02-05,356.9,357.13,355.32,356.44,2091800.0
VOO,2021-02-08,357.92,359.07,357.06,359.07,3371100.0
VOO,2021-02-09,358.22,359.33,357.77,358.78,1891200.0
VOO,2021-02-10,360.53,360.61,356.3,358.64,2400000.0
VOO,2021-02-11,359.71,360.1,356.84,359.22,2237200.0
VOO,2021-02-12,358.45,361.19,358.36,361.05,2144500.0
VOO,2021-02-16,362.15,362.37,359.98,360.71,4408500.0
VOO,2021-02-17,359.03,360.97,357.92,360.79,3211800.0
VOO,2021-02-18,358.24,359.93,356.49,359.25,3010500.0
VOO,2021-02-19,360.47,360.71,358.14,358.59,2487100.0
VOO,2021-02-22,355.84,358.19,355.56,355.77,3291000.0
VOO,2021-02-23,353.69,357.56,349.53,356.22,5251100.0
VOO,2021-02-24,355.15,360.58,354.2,360.16,3301200.0
VOO,2021-02-25,359.03,360.27,350.08,351.52,7049200.0
VOO,2021-02-26,353.47,354.47,347.71,349.59,7579500.0
VOO,2021-03-01,354.55,359.39,354.5,358.12,3721100.0
VOO,2021-03-02,358.38,358.63,355.16,355.35,5462600.0
VOO,2021-03-03,354.7,355.64,350.56,350.66,6317600.0
VOO,2021-03-04,350.49,353.02,341.92,346.34,6604500.0
VOO,2021-03-05,349.77,353.73,342.59,352.69,8721300.0
VOO,2021-03-08,353.63,356.4,350.66,350.96,5663500.0
VOO,2021-03-09,354.75,358.46,354.23,355.87,6075100.0
VOO,2021-03-10,358.3,359.84,356.88,358.07,7231400.0
VOO,2021-03-11,360.66,363.76,360.16,361.85,3340700.0
VOO,2021-03-12,360.5,362.45,359.67,362.36,4847300.0
VOO,2021-03-15,362.67,364.75,360.45,364.46,3154800.0
VOO,2021-03-16,365.12,365.78,363.25,364.05,3698400.0
VOO,2021-03-17,362.83,366.05,361.62,365.24,5011600.0
VOO,2021-03-18,362.73,364.76,359.28,359.87,5067500.0
VOO,2021-03-19,359.65,361.17,357.14,359.23,5382800.0
VOO,2021-03-22,359.79,363.5,359.76,362.07,3417600.0
VOO,2021-03-23,361.53,362.94,358.51,359.41,4954600.0
VOO,2021-03-24,360.71,362.27,357.42,357.42,4099000.0
VOO,2021-03-25,356.08,360.24,354.14,359.43,5487300.0
VOO,2021-03-26,359.37,364.37,358.75,364.01,3322600.0
VOO,2021-03-29,362.57,364.68,361.11,363.79,3143300.0
VOO,2021-03-30,362.56,363.47,361.27,362.86,3696200.0
VOO,2021-03-31,363.39,365.82,363.39,364.3,7470300.0
VOO,2021-04-01,366.2,368.29,366.03,368.16,5132000.0
VOO,2021-04-05,370.89,374.07,370.81,373.47,3764100.0
VOO,2021-04-06,373.04,374.33,372.67,373.26,3583500.0
VOO,2021-04-07,373.14,374.08,372.72,373.73,2768900.0
VOO,2021-04-08,374.97,375.56,374.06,375.55,3949400.0
VOO,2021-04-09,375.42,378.4,375.33,378.25,2627500.0
VOO,2021-04-12,377.7,378.65,377.08,378.42,2747500.0
VOO,2021-04-13,378.37,380.12,377.92,379.45,2985500.0
VOO,2021-04-14,379.46,380.51,377.7,378.23,3691100.0
VOO,2021-04-15,380.33,382.54,380.28,382.29,3573800.0
VOO,2021-04-16,383.56,384.15,382.19,383.63,3252500.0
VOO,2021-04-19,382.62,383.09,380.37,381.74,3945700.0
VOO,2021-04-20,380.49,381.16,377.47,378.94,4106700.0
VOO,2021-04-21,378.28,382.67,378.14,382.5,3640100.0
VOO,2021-04-22,382.32,383.12,377.96,378.99,3965000.0
VOO,2021-04-23,379.57,384.46,379.46,383.03,3781100.0
VOO,2021-04-26,383.73,384.45,383.32,383.86,3125200.0
VOO,2021-04-27,384.2,384.38,382.72,383.74,3370600.0
VOO,2021-04-28,384.1,385.17,383.24,383.56,3960400.0
VOO,2021-04-29,386.4,386.74,382.81,386.12,4209900.0
VOO,2021-04-30,383.91,384.76,382.73,383.57,5219200.0
VOO,2021-05-03,385.56,385.94,383.96,384.44,4180800.0
VOO,2021-05-04,382.52,382.96,378.45,382.1,5485600.0
VOO,2021-05-05,383.72,383.91,381.44,382.17,4410700.0
VOO,2021-05-06,382.26,385.37,380.27,385.28,4737300.0
VOO,2021-05-07,386.02,388.68,385.33,388.03,3516600.0
VOO,2021-05-10,388.41,388.66,384.09,384.23,5942700.0
VOO,2021-05-11,379.75,381.74,376.95,380.86,7081500.0
VOO,2021-05-12,378.04,379.27,372.13,372.73,7707400.0
VOO,2021-05-13,374.21,379.05,374.17,377.16,7179100.0
VOO,2021-05-14,379.81,383.79,379.81,382.95,5167900.0
VOO,2021-05-17,381.9,382.75,380.0,382.03,3781600.0
VOO,2021-05-18,382.25,382.47,378.54,378.73,3128300.0
VOO,2021-05-19,374.06,377.84,372.62,377.73,5086300.0
VOO,2021-05-20,378.57,382.99,378.45,381.76,4776700.0
VOO,2021-05-21,383.23,384.45,381.01,381.47,3567500.0
VOO,2021-05-24,383.69,386.4,383.44,385.32,2962500.0
VOO,2021-05-25,386.4,386.76,383.94,384.51,4031800.0
VOO,2021-05-26,385.09,385.75,384.07,385.21,2642700.0
VOO,2021-05-27,386.28,386.78,385.32,385.38,3015900.0
VOO,2021-05-28,387.03,387.27,385.94,386.13,3370100.0
VOO,2021-06-01,388.5,388.62,385.38,385.83,4389000.0
VOO,2021-06-02,386.45,387.24,385.47,386.48,3209200.0
VOO,2021-06-03,384.17,386.11,382.7,385.01,3391000.0
VOO,2021-06-04,386.81,388.8,386.76,388.5,2628100.0
VOO,2021-06-07,388.52,388.69,387.25,388.17,2500600.0
VOO,2021-06-08,389.0,389.08,386.44,388.23,2386600.0
VOO,2021-06-09,389.08,389.13,387.41,387.62,2968100.0
VOO,2021-06-10,388.86,390.36,387.58,389.41,2611800.0
VOO,2021-06-11,390.0,390.2,388.73,390.09,2241500.0
VOO,2021-06-14,390.21,391.07,389.0,391.07,2252200.0
VOO,2021-06-15,391.15,391.2,389.41,390.25,2405000.0
VOO,2021-06-16,390.42,390.58,386.02,388.11,4194300.0
VOO,2021-06-17,387.62,388.91,385.5,387.97,4065300.0
VOO,2021-06-18,384.79,385.38,382.52,382.82,5211100.0
VOO,2021-06-21,384.5,388.38,383.65,388.18,4389800.0
VOO,2021-06-22,388.24,391.09,387.47,390.24,2705400.0
VOO,2021-06-23,390.35,391.14,389.7,389.82,2404200.0
VOO,2021-06-24,391.89,392.52,391.67,392.05,2987800.0
VOO,2021-06-25,392.9,393.92,392.54,393.5,2862800.0
VOO,2021-06-28,394.03,394.45,392.83,394.32,2418500.0
VOO,2021-06-29,393.35,393.94,392.66,393.16,2927600.0
VOO,2021-06-30,392.72,394.13,392.72,393.52,3795900.0
VOO,2021-07-01,394.3,395.85,394.21,395.74,3414500.0
VOO,2021-07-02,396.85,399.05,396.53,398.75,4363100.0
VOO,2021-07-06,398.77,398.99,395.3,398.0,4331300.0
VOO,2021-07-07,398.67,399.66,396.68,399.37,4747800.0
VOO,2021-07-08,394.2,396.88,393.02,396.19,5817100.0
VOO,2021-07-09,397.63,400.65,397.42,400.37,3332200.0
VOO,2021-07-12,400.3,402.03,399.87,401.82,2929200.0
VOO,2021-07-13,401.08,402.5,400.18,400.46,4313100.0
VOO,2021-07-14,402.06,402.57,399.82,401.01,3332200.0
VOO,2021-07-15,399.74,400.38,397.81,399.72,4483900.0
VOO,2021-07-16,400.84,400.88,396.14,396.61,4516600.0
VOO,2021-07-19,391.78,392.26,387.93,390.68,12336200
VOO,2021-07-20,391.35,397.5,390.01,396.2,4043100.0
VOO,2021-07-21,397.48,399.62,397.27,399.53,2996600.0
VOO,2021-07-22,399.71,400.56,398.7,400.38,2575700.0
VOO,2021-07-23,402.17,404.75,401.58,404.38,3151900.0
VOO,2021-07-26,403.92,405.42,403.82,405.41,2374300.0
VOO,2021-07-27,404.45,404.45,400.8,403.61,3626100.0
VOO,2021-07-28,404.17,404.76,402.04,403.39,3763700.0
VOO,2021-07-29,404.36,406.13,404.35,405.13,2274200.0
VOO,2021-07-30,402.59,404.53,402.47,403.15,5204500.0
VOO,2021-08-02,404.78,405.36,401.94,402.33,5814700.0
VOO,2021-08-03,403.08,405.66,400.92,405.58,4129600.0
VOO,2021-08-04,404.31,404.86,403.34,403.64,3880200.0
VOO,2021-08-05,404.7,406.19,404.38,406.16,3052800.0
VOO,2021-08-06,406.44,407.18,406.17,406.86,2486900.0
VOO,2021-08-09,406.75,407.05,405.69,406.47,1984400.0
VOO,2021-08-10,406.91,407.67,406.23,406.98,2400700.0
VOO,2021-08-11,408.0,408.07,406.91,407.96,3554400.0
VOO,2021-08-12,407.82,409.33,406.97,409.15,2319300.0
VOO,2021-08-13,409.64,409.96,409.18,409.96,2253800.0
VOO,2021-08-16,408.71,411.01,407.15,410.94,3379100.0
VOO,2021-08-17,408.41,409.05,405.31,408.23,5186300.0
VOO,2021-08-18,407.22,408.75,403.54,403.84,4878300.0
VOO,2021-08-19,401.09,405.55,400.93,404.41,5505700.0
VOO,2021-08-20,404.68,407.92,404.26,407.61,3263600.0
VOO,2021-08-23,409.25,412.08,409.23,411.22,3259400.0
VOO,2021-08-24,411.9,412.36,411.35,411.87,3006500.0
VOO,2021-08-25,412.06,413.21,411.67,412.63,3261400.0
VOO,2021-08-26,412.41,412.66,410.2,410.22,4707600.0
VOO,2021-08-27,411.09,414.33,411.02,413.86,3882200.0
VOO,2021-08-30,414.66,416.56,414.39,415.76,2811800.0
VOO,2021-08-31,415.66,416.02,414.58,415.05,6062900.0
VOO,2021-09-01,416.05,416.59,415.16,415.49,3256400.0
VOO,2021-09-02,416.8,417.44,415.5,416.73,2835500.0
VOO,2021-09-03,415.58,417.06,415.16,416.57,3740000.0
VOO,2021-09-07,416.27,416.29,414.42,415.03,3542500.0
VOO,2021-09-08,414.53,415.26,412.67,414.63,4012600.0
VOO,2021-09-09,414.34,416.07,412.57,412.77,3887800.0
VOO,2021-09-10,414.69,415.1,409.42,409.58,4035500.0
VOO,2021-09-13,412.52,412.71,408.31,410.54,4738300.0
VOO,2021-09-14,412.02,412.18,407.49,408.41,3657700.0
VOO,2021-09-15,408.79,412.26,407.7,411.82,3891400.0
VOO,2021-09-16,411.27,412.19,408.23,411.11,3351500.0
VOO,2021-09-17,410.35,410.78,406.77,407.08,5396100.0
VOO,2021-09-20,401.11,402.64,395.57,400.43,10942700
VOO,2021-09-21,402.66,403.9,399.44,400.04,6418100.0
VOO,2021-09-22,402.17,405.85,401.26,403.9,6004800.0
VOO,2021-09-23,405.71,410.32,405.47,408.78,4098000.0
VOO,2021-09-24,407.17,410.13,406.95,409.46,3417700.0
VOO,2021-09-27,408.42,409.57,407.59,408.3,3546600.0
VOO,2021-09-28,405.55,405.87,399.33,400.14,8234300.0
VOO,2021-09-29,400.1,401.79,398.86,399.46,4724200.0
VOO,2021-09-30,400.85,401.52,394.34,394.4,9511200.0
VOO,2021-10-01,396.23,400.85,392.77,399.12,8482200.0
VOO,2021-10-04,398.12,398.94,391.96,394.21,8820400.0
VOO,2021-10-05,395.56,400.35,394.79,398.04,5523200.0
VOO,2021-10-06,394.65,400.02,393.06,399.81,6590000.0
VOO,2021-10-07,403.07,406.05,402.85,403.25,4409200.0
VOO,2021-10-08,404.04,404.39,401.94,402.49,3960900.0
VOO,2021-10-11,401.91,404.74,399.56,399.56,3695700.0
VOO,2021-10-12,400.55,400.92,397.87,398.76,6201300.0
VOO,2021-10-13,399.64,400.88,396.75,400.04,6492400.0
VOO,2021-10-14,403.7,406.95,403.22,406.76,3785200.0
VOO,2021-10-15,408.92,410.26,408.28,409.93,3501600.0
VOO,2021-10-18,408.2,411.46,407.53,411.18,3402700.0
VOO,2021-10-19,412.74,414.38,412.14,414.38,2838300.0
VOO,2021-10-20,414.74,416.22,414.65,415.99,3208200.0
VOO,2021-10-21,415.38,417.24,414.94,417.01,2579500.0
VOO,2021-10-22,416.58,418.0,414.7,416.59,3648900.0
VOO,2021-10-25,417.64,419.14,415.93,418.75,2511500.0
VOO,2021-10-26,420.27,421.53,418.86,419.15,3085300.0
VOO,2021-10-27,419.66,420.29,417.28,417.33,2873500.0
VOO,2021-10-28,418.78,421.44,418.75,421.41,3643600.0
VOO,2021-10-29,419.15,422.52,418.87,422.16,4637400.0
VOO,2021-11-01,423.19,423.57,421.28,423.05,3937300.0
VOO,2021-11-02,423.15,424.96,423.01,424.69,2989200.0
VOO,2021-11-03,424.14,427.66,423.69,427.25,3562900.0
VOO,2021-11-04,427.85,429.37,427.54,429.25,4287300.0
VOO,2021-11-05,431.55,432.76,429.3,430.71,4942900.0
VOO,2021-11-08,431.88,432.34,430.5,431.23,3511600.0
VOO,2021-11-09,431.56,431.75,428.34,429.72,4696000.0
VOO,2021-11-10,428.09,429.73,424.81,426.26,6350700.0
VOO,2021-11-11,427.7,427.82,426.39,426.4,3634600.0
VOO,2021-11-12,427.66,430.17,426.73,429.57,3655500.0
VOO,2021-11-15,430.95,431.01,428.65,429.77,3122300.0
VOO,2021-11-16,429.52,432.59,429.47,431.41,3267000.0
VOO,2021-11-17,431.24,431.39,429.84,430.37,3764900.0
VOO,2021-11-18,431.44,432.17,428.8,431.86,4732200.0
VOO,2021-11-19,431.87,432.99,430.38,431.05,4886200.0
VOO,2021-11-22,432.93,435.41,429.72,429.91,4868300.0
VOO,2021-11-23,429.57,431.29,427.04,430.47,6795200.0
VOO,2021-11-24,428.56,431.75,427.71,431.53,4569600.0
VOO,2021-11-26,425.19,426.52,420.9,422.14,7702500.0
VOO,2021-11-29,426.71,428.98,424.55,427.24,6300800.0
VOO,2021-11-30,424.8,426.63,418.63,419.06,8657600.0
VOO,2021-12-01,424.47,427.22,413.97,414.24,8337000.0
VOO,2021-12-02,414.42,422.06,414.03,420.56,10417700
VOO,2021-12-03,422.12,423.19,412.77,416.84,10228900
VOO,2021-12-06,419.41,423.66,417.0,421.82,7289500.0
VOO,2021-12-07,426.98,431.1,426.94,430.49,4731900.0
VOO,2021-12-08,430.95,432.14,429.24,431.7,4476500.0
VOO,2021-12-09,430.46,431.32,428.61,428.76,5035400.0
VOO,2021-12-10,431.44,432.96,428.95,432.85,6238300.0
VOO,2021-12-13,432.36,432.66,428.75,429.01,5923900.0
VOO,2021-12-14,425.8,428.24,423.2,426.09,6522900.0
VOO,2021-12-15,426.11,432.98,423.67,432.75,6871300.0
VOO,2021-12-16,434.56,434.8,427.35,428.84,7159500.0
VOO,2021-12-17,425.85,428.79,422.67,424.39,8882700.0
VOO,2021-12-20,419.39,420.22,416.3,419.8,9903400.0
VOO,2021-12-21,421.65,425.85,419.52,425.69,6916700.0
VOO,2021-12-22,425.45,430.09,425.32,429.99,4992200.0
VOO,2021-12-23,430.91,434.1,430.87,432.64,5032700.0
VOO,2021-12-27,433.98,438.82,433.95,438.81,4986300.0
VOO,2021-12-28,439.28,440.19,437.66,438.48,4865800.0
VOO,2021-12-29,438.5,439.95,437.54,439.01,4596700.0
VOO,2021-12-30,439.39,440.36,437.32,437.77,3751800.0
VOO,2021-12-31,437.23,438.38,436.39,436.57,5185600.0
VOO,2022-01-03,437.93,439.27,435.64,439.25,6017300.0
VOO,2022-01-04,440.58,441.26,437.22,439.07,6262200.0
VOO,2022-01-05,438.78,439.41,430.53,430.66,7539600.0
VOO,2022-01-06,430.2,432.83,427.9,430.08,7971500.0
VOO,2022-01-07,430.21,431.36,427.2,428.59,6157500.0
VOO,2022-01-10,425.38,428.19,419.77,428.03,10481500
VOO,2022-01-11,427.68,431.95,424.78,431.78,7282400.0
VOO,2022-01-12,433.56,435.04,431.14,433.07,8270300.0
VOO,2022-01-13,434.09,434.72,426.09,427.1,7521300.0
VOO,2022-01-14,423.95,427.58,422.81,427.23,9960800.0
VOO,2022-01-18,422.62,424.98,417.33,419.74,10681500
VOO,2022-01-19,421.17,422.54,415.07,415.33,8184100.0
VOO,2022-01-20,417.17,421.75,410.29,410.76,8907600.0
VOO,2022-01-21,409.71,411.93,402.66,402.69,16225900
VOO,2022-01-24,397.26,404.88,386.84,404.37,22970700
VOO,2022-01-25,398.17,404.26,392.73,399.46,16836300
VOO,2022-01-26,405.66,408.2,394.34,398.56,14377300
VOO,2022-01-27,402.93,405.97,394.82,396.54,12455200
VOO,2022-01-28,397.82,406.33,393.3,406.26,12096800
VOO,2022-01-31,405.67,413.97,404.35,413.69,9200400.0
VOO,2022-02-01,414.34,417.04,410.9,416.39,8154900.0
VOO,2022-02-02,418.98,421.18,416.54,420.36,6726500.0
VOO,2022-02-03,414.59,416.43,409.79,410.59,7658300.0
VOO,2022-02-04,410.34,416.24,408.06,412.52,8210000.0
VOO,2022-02-07,413.23,414.62,409.9,411.16,5620900.0
VOO,2022-02-08,410.72,415.46,409.35,414.49,5565700.0
VOO,2022-02-09,418.55,420.87,418.35,420.57,6284500.0
VOO,2022-02-10,414.93,420.8,411.14,413.18,9260500.0
VOO,2022-02-11,413.15,415.2,403.57,404.94,10458600
VOO,2022-02-14,404.43,405.99,400.24,403.62,10167600
VOO,2022-02-15,408.18,410.29,407.46,410.1,6815000.0
VOO,2022-02-16,408.2,411.89,406.32,410.59,7743800.0
VOO,2022-02-17,407.49,407.98,401.23,401.86,7541000.0
VOO,2022-02-18,402.15,403.31,397.0,399.29,10570800
VOO,2022-02-22,397.05,400.37,391.51,394.92,10414700
VOO,2022-02-23,397.74,398.32,387.38,387.81,12154900
VOO,2022-02-24,377.76,394.17,377.5,393.77,21277200
VOO,2022-02-25,394.95,402.52,393.4,402.37,11665200
VOO,2022-02-28,397.18,402.85,396.0,401.36,11855900
VOO,2022-03-01,400.01,401.92,392.79,395.34,9124400.0
VOO,2022-03-02,397.72,404.1,396.78,402.6,8185200.0
VOO,2022-03-03,405.02,405.54,398.88,400.58,8745300.0
VOO,2022-03-04,396.93,398.43,393.37,397.34,6317700.0
VOO,2022-03-07,396.73,397.0,385.56,385.61,8411500.0
VOO,2022-03-08,385.76,392.74,381.64,382.7,9356100.0
VOO,2022-03-09,390.88,394.85,388.72,392.9,5812600.0
VOO,2022-03-10,388.44,392.01,386.53,391.15,6394800.0
VOO,2022-03-11,393.62,394.19,385.68,386.16,5872800.0
VOO,2022-03-14,387.07,390.27,382.25,383.34,6455000.0
VOO,2022-03-15,385.86,392.37,384.63,391.75,5739400.0
VOO,2022-03-16,395.5,400.55,390.55,400.51,7407300.0
VOO,2022-03-17,398.64,405.56,398.3,405.41,5177500.0
VOO,2022-03-18,403.98,410.28,403.24,409.89,5875000.0
VOO,2022-03-21,409.84,411.75,406.43,409.91,4159500.0
VOO,2022-03-22,411.2,415.52,411.2,414.67,4231700.0
VOO,2022-03-23,412.16,413.62,409.29,409.33,3742600.0
VOO,2022-03-24,409.89,414.1,408.81,414.02,2977300.0
VOO,2022-03-25,414.79,416.36,412.21,416.12,3638000.0
VOO,2022-03-28,415.5,419.05,413.69,418.99,3395300.0
VOO,2022-03-29,422.96,424.72,420.25,424.29,5510600.0
VOO,2022-03-30,423.26,424.01,419.59,421.65,4794300.0
VOO,2022-03-31,420.97,421.67,415.05,415.17,5876600.0
VOO,2022-04-01,416.68,416.82,412.87,416.32,4663100.0
VOO,2022-04-04,416.45,419.96,415.72,419.85,5117200.0
VOO,2022-04-05,418.56,420.82,413.5,414.66,4112000.0
VOO,2022-04-06,410.76,412.66,407.64,410.46,5540700.0
VOO,2022-04-07,409.6,414.3,407.74,412.53,4954100.0
VOO,2022-04-08,411.85,414.22,409.98,411.53,4752800.0
VOO,2022-04-11,408.5,409.06,403.93,404.4,3342800.0
VOO,2022-04-12,407.33,409.71,401.37,402.92,6615800.0
VOO,2022-04-13,402.57,408.2,402.48,407.47,4358700.0
VOO,2022-04-14,407.72,408.78,402.34,402.52,3735700.0
VOO,2022-04-18,401.55,404.22,400.44,402.59,4305900.0
VOO,2022-04-19,402.58,409.77,402.36,409.02,3841500.0
VOO,2022-04-20,410.82,411.39,407.67,408.71,5067100.0
VOO,2022-04-21,412.38,413.68,401.8,402.65,4670200.0
VOO,2022-04-22,401.67,401.89,391.1,391.66,6326400.0
VOO,2022-04-25,389.42,394.06,385.0,393.8,8141200.0
VOO,2022-04-26,391.4,391.59,382.44,382.54,8493000.0
VOO,2022-04-27,383.5,388.75,381.5,383.53,6415700.0
VOO,2022-04-28,388.23,394.9,383.87,393.14,7030200.0
VOO,2022-04-29,389.42,391.45,378.0,378.7,8221900.0
VOO,2022-05-02,378.79,382.27,372.33,381.08,10737000
VOO,2022-05-03,381.62,385.06,380.0,382.73,5607700.0
VOO,2022-05-04,383.35,394.93,380.28,394.34,7367500.0
VOO,2022-05-05,390.22,390.31,376.35,380.49,10477300
VOO,2022-05-06,378.01,381.28,372.95,378.1,7959600.0
VOO,2022-05-09,372.36,373.56,364.5,365.9,10793200
VOO,2022-05-10,371.9,373.22,362.91,366.84,7870800.0
VOO,2022-05-11,365.97,371.36,360.27,360.93,8026900.0
VOO,2022-05-12,357.84,363.75,354.02,360.65,7679200.0
VOO,2022-05-13,364.73,370.58,363.64,369.16,5377400.0
VOO,2022-05-16,367.71,371.35,365.45,367.84,4719800.0
VOO,2022-05-17,373.66,375.56,370.08,375.2,4513300.0
VOO,2022-05-18,370.98,371.16,359.0,360.34,6883600.0
VOO,2022-05-19,357.17,362.23,355.85,357.93,6359500.0
VOO,2022-05-20,361.41,361.95,349.76,358.02,8755900.0
VOO,2022-05-23,361.09,365.57,358.85,364.81,5254900.0
VOO,2022-05-24,360.85,363.21,355.7,362.18,5567300.0
VOO,2022-05-25,360.54,367.16,360.27,365.2,5704600.0
VOO,2022-05-26,366.45,374.13,366.27,372.46,4248300.0
VOO,2022-05-27,374.94,381.86,374.8,381.8,3911800.0
VOO,2022-05-31,380.23,382.85,376.92,379.68,5016500.0
VOO,2022-06-01,381.61,382.64,374.1,376.5,4245800.0
VOO,2022-06-02,376.41,383.74,374.2,383.65,3273700.0
VOO,2022-06-03,379.11,380.6,376.48,377.44,2749500.0
VOO,2022-06-06,381.33,382.96,377.41,378.47,2659500.0
VOO,2022-06-07,375.16,382.61,374.71,382.17,2649900.0
VOO,2022-06-08,380.5,382.23,377.26,377.99,3436400.0
VOO,2022-06-09,376.24,378.44,369.02,369.1,3022000.0
VOO,2022-06-10,362.93,363.69,358.23,358.27,7629700.0
VOO,2022-06-13,349.11,350.84,343.06,344.46,10399700
VOO,2022-06-14,346.37,347.32,340.57,343.6,7584200.0
VOO,2022-06-15,346.82,352.84,341.97,348.52,7887600.0
VOO,2022-06-16,340.48,340.84,334.57,337.07,8821900.0
VOO,2022-06-17,337.31,340.87,334.24,337.95,7084000.0
VOO,2022-06-21,343.19,347.5,343.11,346.23,5628300.0
VOO,2022-06-22,342.08,349.51,341.63,345.5,4876100.0
VOO,2022-06-23,347.63,349.61,344.14,349.13,6708800.0
VOO,2022-06-24,352.03,360.02,351.97,360.0,5458600.0
VOO,2022-06-27,361.0,361.15,357.57,358.65,4608600.0
VOO,2022-06-28,360.08,362.84,350.9,350.9,8797800.0
VOO,2022-06-29,350.43,351.36,347.81,349.64,3775900.0
VOO,2022-06-30,345.88,349.84,342.45,346.88,7159600.0
VOO,2022-07-01,346.16,350.83,343.59,350.44,7481500.0
VOO,2022-07-05,345.48,351.1,342.78,351.06,6180600.0
VOO,2022-07-06,351.23,354.68,348.93,352.33,5450900.0
VOO,2022-07-07,354.01,358.3,354.0,357.5,3737500.0
VOO,2022-07-08,355.91,359.05,354.47,357.29,4791300.0
VOO,2022-07-11,354.84,355.57,352.51,353.25,3491700.0
VOO,2022-07-12,352.6,354.9,348.38,349.99,4080300.0
VOO,2022-07-13,344.74,351.0,344.37,348.36,5603500.0
VOO,2022-07-14,343.41,347.95,341.05,347.44,4624800.0
VOO,2022-07-15,351.73,354.11,349.8,354.01,4520500.0
VOO,2022-07-18,356.97,357.62,349.92,351.08,3544900.0
VOO,2022-07-19,354.95,361.09,354.25,360.61,3620200.0
VOO,2022-07-20,360.7,364.24,359.45,362.92,4270600.0
VOO,2022-07-21,362.36,366.62,360.01,366.59,4604000.0
VOO,2022-07-22,366.69,367.84,361.01,363.25,4533900.0
VOO,2022-07-25,363.84,364.44,361.45,363.61,3902200.0
VOO,2022-07-26,362.12,362.21,358.45,359.25,2987200.0
VOO,2022-07-27,362.49,370.33,362.22,368.66,4500300.0
VOO,2022-07-28,369.42,373.91,365.98,373.32,4345300.0
VOO,2022-07-29,374.73,379.66,373.93,378.79,5246400.0
VOO,2022-08-01,376.12,380.01,375.44,377.65,4421400.0
VOO,2022-08-02,376.11,379.63,373.95,375.21,4132600.0
VOO,2022-08-03,377.19,382.1,376.91,381.07,3854800.0
VOO,2022-08-04,380.88,381.53,379.19,380.77,3410600.0
VOO,2022-08-05,376.65,380.7,376.54,379.98,2852100.0
VOO,2022-08-08,381.78,383.91,378.57,379.64,3450800.0
VOO,2022-08-09,379.02,379.41,377.1,378.14,2360500.0
VOO,2022-08-10,384.99,386.23,383.1,386.06,3651000.0
VOO,2022-08-11,388.87,390.65,385.4,386.06,3575400.0
VOO,2022-08-12,387.95,392.72,387.09,392.67,3664400.0
VOO,2022-08-15,390.49,394.76,390.46,394.35,3203900.0
VOO,2022-08-16,393.24,396.89,392.44,395.04,3864800.0
VOO,2022-08-17,391.56,394.85,390.29,392.34,3222300.0
VOO,2022-08-18,392.42,394.02,391.17,393.55,3258100.0
VOO,2022-08-19,390.7,390.95,387.25,388.12,2899000.0
VOO,2022-08-22,383.43,383.54,379.09,379.94,4153700.0
VOO,2022-08-23,379.56,381.87,378.52,379.04,2869200.0
VOO,2022-08-24,378.9,381.58,378.18,380.19,2241200.0
VOO,2022-08-25,381.76,385.73,380.7,385.73,2631300.0
VOO,2022-08-26,385.55,386.05,372.51,372.51,5153200.0
VOO,2022-08-29,369.77,373.05,368.78,370.05,4953200.0
VOO,2022-08-30,371.3,371.45,364.02,366.03,5044500.0
VOO,2022-08-31,367.61,368.79,363.11,363.15,4062500.0
VOO,2022-09-01,361.1,364.7,358.51,364.27,6126800.0
VOO,2022-09-02,367.95,369.13,358.78,360.45,4544200.0
VOO,2022-09-06,361.36,362.28,357.0,359.24,5680300.0
VOO,2022-09-07,358.86,366.38,358.69,365.68,4137000.0
VOO,2022-09-08,363.38,368.48,362.27,368.07,3692000.0
VOO,2022-09-09,370.24,374.61,369.98,373.75,2621600.0
VOO,2022-09-12,375.82,378.51,375.51,377.86,2961400.0
VOO,2022-09-13,369.34,370.53,360.28,361.38,5549200.0
VOO,2022-09-14,362.58,364.17,359.53,362.73,3555500.0
VOO,2022-09-15,361.16,363.97,357.4,358.68,3807500.0
VOO,2022-09-16,354.56,356.48,352.69,355.86,4452300.0
VOO,2022-09-19,352.8,358.59,352.75,358.59,3412600.0
VOO,2022-09-20,355.38,356.38,351.83,354.55,3624000.0
VOO,2022-09-21,356.38,359.3,348.31,348.31,5102400.0
VOO,2022-09-22,347.55,348.54,344.67,345.37,5555600.0
VOO,2022-09-23,342.08,342.08,335.31,339.63,10491500
VOO,2022-09-26,338.23,341.66,335.07,336.34,5405700.0
VOO,2022-09-27,339.79,341.84,333.08,335.39,5795700.0
VOO,2022-09-28,334.8,342.1,333.18,340.48,8683900.0
VOO,2022-09-29,337.15,337.3,330.53,333.38,7230100.0
VOO,2022-09-30,332.57,336.19,328.12,328.3,7736600.0
VOO,2022-10-03,331.79,338.66,330.1,336.98,5739000.0
VOO,2022-10-04,342.14,347.33,342.13,347.21,5110000.0
VOO,2022-10-05,343.12,348.64,340.86,346.61,4755800.0
VOO,2022-10-06,345.18,347.98,342.49,342.96,3879600.0
VOO,2022-10-07,339.08,339.34,331.65,333.33,5168100.0
VOO,2022-10-10,334.47,334.67,328.66,330.84,3933900.0
VOO,2022-10-11,329.2,333.56,326.85,328.66,4968100.0
VOO,2022-10-12,329.15,330.58,327.44,327.64,3235100.0
VOO,2022-10-13,320.84,337.68,319.87,336.22,6396900.0
VOO,2022-10-14,338.62,340.19,328.03,328.65,4879400.0
VOO,2022-10-17,334.57,338.1,334.46,337.0,3889500.0
VOO,2022-10-18,344.68,345.0,337.77,340.97,4903300.0
VOO,2022-10-19,339.04,341.67,335.9,338.61,4403200.0
VOO,2022-10-20,338.17,342.42,335.05,335.83,3459100.0
VOO,2022-10-21,335.5,344.39,334.13,343.9,4362400.0
VOO,2022-10-24,345.45,349.23,342.87,348.09,5639400.0
VOO,2022-10-25,348.05,354.03,348.03,353.75,5203400.0
VOO,2022-10-26,350.7,356.17,350.44,351.11,4277700.0
VOO,2022-10-27,352.05,353.79,348.6,349.23,4145300.0
VOO,2022-10-28,349.04,357.98,348.95,357.38,4388100.0
VOO,2022-10-31,355.16,356.92,354.05,354.95,6431000.0
VOO,2022-11-01,358.53,358.77,352.29,353.52,8014300.0
VOO,2022-11-02,352.78,357.13,344.41,344.5,5022500.0
VOO,2022-11-03,341.34,343.81,338.9,340.83,4534800.0
VOO,2022-11-04,346.41,348.02,340.0,345.82,3655400.0
VOO,2022-11-07,347.06,349.71,345.1,349.14,3316600.0
VOO,2022-11-08,350.21,353.87,347.08,351.04,3237200.0
VOO,2022-11-09,349.08,350.22,343.36,343.87,3570800.0
VOO,2022-11-10,356.52,363.01,354.41,362.69,4603600.0
VOO,2022-11-11,363.69,367.02,361.74,366.16,4877400.0
VOO,2022-11-14,364.57,367.79,362.89,363.22,5274300.0
VOO,2022-11-15,368.65,369.74,362.59,366.22,4597800.0
VOO,2022-11-16,364.7,365.52,362.85,363.44,2755100.0
VOO,2022-11-17,358.8,362.99,358.57,362.39,3278500.0
VOO,2022-11-18,365.46,365.59,361.23,363.99,2574400.0
VOO,2022-11-21,362.77,363.74,360.87,362.71,2397900.0
VOO,2022-11-22,364.51,367.68,363.21,367.54,2316000.0
VOO,2022-11-23,367.21,370.36,367.02,369.84,2590900.0
VOO,2022-11-25,369.39,370.34,369.06,369.8,1423400.0
VOO,2022-11-28,366.86,368.38,363.15,363.95,3553600.0
VOO,2022-11-29,363.93,365.18,361.48,363.31,2507800.0
VOO,2022-11-30,363.45,374.59,361.65,374.49,4748800.0
VOO,2022-12-01,375.87,377.0,372.05,374.54,4608600.0
VOO,2022-12-02,369.66,374.88,369.66,374.0,3596000.0
VOO,2022-12-05,371.28,372.19,365.99,367.34,3707000.0
VOO,2022-12-06,367.09,367.61,359.93,362.03,3911000.0
VOO,2022-12-07,361.05,363.61,360.31,361.33,3338000.0
VOO,2022-12-08,363.13,365.15,361.6,364.18,3604500.0
VOO,2022-12-09,363.0,365.44,361.34,361.52,4271400.0
VOO,2022-12-12,362.28,366.68,361.58,366.68,2946200.0
VOO,2022-12-13,377.11,377.19,366.8,369.39,6161800.0
VOO,2022-12-14,369.1,372.8,364.25,367.16,4707100.0
VOO,2022-12-15,362.47,363.24,356.46,358.13,5126800.0
VOO,2022-12-16,355.65,356.83,351.79,353.86,4533100.0
VOO,2022-12-19,354.13,354.34,349.25,350.81,5538500.0
VOO,2022-12-20,348.45,351.17,347.21,349.67,5068200.0
VOO,2022-12-21,352.2,355.95,351.7,354.9,3832400.0
VOO,2022-12-22,351.98,352.25,344.34,349.91,6458200.0
VOO,2022-12-23,348.93,351.95,347.35,351.87,4572000.0
VOO,2022-12-27,351.76,352.04,348.85,350.47,4303200.0
VOO,2022-12-28,350.42,352.2,345.9,346.17,4464600.0
VOO,2022-12-29,348.91,353.13,348.47,352.31,4086600.0
VOO,2022-12-30,349.79,351.49,347.76,351.34,5325400.0
VOO,2023-01-03,353.18,355.04,347.19,349.99,4957300.0
VOO,2023-01-04,352.1,354.56,349.2,352.51,3119100.0
VOO,2023-01-05,350.73,350.8,348.06,348.66,3216500.0
VOO,2023-01-06,351.59,357.67,348.74,356.59,3464800.0
VOO,2023-01-09,358.73,361.73,356.22,356.33,3775300.0
VOO,2023-01-10,355.84,358.95,354.96,358.87,3495700.0
VOO,2023-01-11,360.41,363.51,359.66,363.45,5710500.0
VOO,2023-01-12,364.48,366.15,360.6,364.81,4743500.0
VOO,2023-01-13,361.68,366.73,361.47,366.23,3015200.0
VOO,2023-01-17,366.19,367.72,364.87,365.67,4942000.0
VOO,2023-01-18,366.67,367.66,359.58,359.73,3931800.0
VOO,2023-01-19,357.76,359.36,355.85,357.14,3569900.0
VOO,2023-01-20,358.45,363.91,356.88,363.71,3265100.0
VOO,2023-01-23,364.51,370.0,363.65,368.14,3243300.0
VOO,2023-01-24,366.57,368.61,365.42,367.75,2702400.0
VOO,2023-01-25,363.78,368.16,361.66,367.88,3061700.0
VOO,2023-01-26,370.46,372.06,367.61,371.81,3460900.0
VOO,2023-01-27,370.89,375.08,370.76,372.87,5549500.0
VOO,2023-01-30,370.15,372.29,367.86,368.21,3280600.0
VOO,2023-01-31,368.61,373.54,368.33,373.44,4181700.0
VOO,2023-02-01,372.44,380.16,369.76,377.53,4941700.0
VOO,2023-02-02,381.25,384.41,379.4,382.94,5207900.0
VOO,2023-02-03,378.23,383.2,377.79,378.85,6472500.0
VOO,2023-02-06,376.58,377.93,375.02,376.66,2880100.0
VOO,2023-02-07,375.79,382.75,374.62,381.52,4504600.0
VOO,2023-02-08,379.69,380.93,376.73,377.34,2921500.0
VOO,2023-02-09,380.97,381.0,372.95,374.11,3327700.0
VOO,2023-02-10,373.0,375.39,372.2,375.02,3256700.0
VOO,2023-02-13,375.65,379.44,375.2,379.35,2980600.0
VOO,2023-02-14,377.96,381.42,375.45,379.21,4718000.0
VOO,2023-02-15,377.15,380.53,376.33,380.48,2820200.0
VOO,2023-02-16,375.66,379.43,375.09,375.19,3077500.0
VOO,2023-02-17,373.18,374.45,371.32,374.22,3285300.0
VOO,2023-02-21,370.4,371.34,366.48,366.79,3109200.0
VOO,2023-02-22,367.18,368.6,364.84,366.33,3872000.0
VOO,2023-02-23,369.07,369.57,364.13,368.17,2867200.0
VOO,2023-02-24,363.31,365.03,361.73,364.23,4055000.0
VOO,2023-02-27,367.49,368.77,364.59,365.49,3300100.0
VOO,2023-02-28,365.01,366.86,364.05,364.11,3022200.0
VOO,2023-03-01,363.34,364.51,361.45,362.78,3764700.0
VOO,2023-03-02,360.81,366.36,360.53,365.49,2727200.0
VOO,2023-03-03,367.29,371.67,366.7,371.28,4913600.0
VOO,2023-03-06,372.26,374.44,371.3,371.73,2638300.0
VOO,2023-03-07,371.63,371.89,365.39,365.98,3546100.0
VOO,2023-03-08,366.11,367.3,364.44,366.55,2906300.0
VOO,2023-03-09,367.35,368.88,358.85,359.84,4409600.0
VOO,2023-03-10,359.33,361.24,353.14,354.68,8360400.0
VOO,2023-03-13,350.76,358.67,349.76,354.08,6478700.0
VOO,2023-03-14,358.88,361.51,355.63,359.96,4798800.0
VOO,2023-03-15,354.46,357.88,352.57,357.74,6610400.0
VOO,2023-03-16,355.54,364.26,354.99,363.86,5016700.0
VOO,2023-03-17,362.76,363.79,358.42,359.88,5189900.0
VOO,2023-03-20,360.47,363.58,359.82,363.13,3099800.0
VOO,2023-03-21,366.42,368.41,364.88,367.88,4117600.0
VOO,2023-03-22,367.78,371.22,361.66,361.78,4094800.0
VOO,2023-03-23,364.48,368.29,360.12,362.64,4787200.0
VOO,2023-03-24,359.98,363.63,357.72,363.56,3740400.0
VOO,2023-03-27,365.73,366.43,363.4,364.16,4144800.0
VOO,2023-03-28,363.54,364.2,361.68,363.52,2413700.0
VOO,2023-03-29,367.4,368.94,366.29,368.69,3636100.0
VOO,2023-03-30,371.23,371.48,369.1,370.89,3316700.0
VOO,2023-03-31,371.78,376.34,371.65,376.07,4159800.0
VOO,2023-04-03,375.6,377.91,375.22,377.56,3525300.0
VOO,2023-04-04,378.19,378.4,374.13,375.43,2713300.0
VOO,2023-04-05,374.71,375.42,372.89,374.52,3227700.0
VOO,2023-04-06,373.67,376.19,372.72,375.95,3076200.0
VOO,2023-04-10,373.55,376.39,372.96,376.36,2671100.0
VOO,2023-04-11,376.9,377.76,375.69,376.41,3069000.0
VOO,2023-04-12,378.4,378.62,374.32,374.91,3624200.0
VOO,2023-04-13,375.91,380.17,375.44,379.77,2680900.0
VOO,2023-04-14,379.27,381.33,376.72,378.99,2981700.0
VOO,2023-04-17,378.84,380.32,377.68,380.28,2721000.0
VOO,2023-04-18,381.84,381.92,379.24,380.54,3019300.0
VOO,2023-04-19,378.73,381.33,378.67,380.52,2671300.0
VOO,2023-04-20,377.78,380.07,376.94,378.37,2953200.0
VOO,2023-04-21,378.68,379.1,376.82,378.59,2762300.0
VOO,2023-04-24,378.48,379.47,377.23,379.09,2310400.0
VOO,2023-04-25,377.18,377.7,373.02,373.1,3795400.0
VOO,2023-04-26,373.66,374.68,370.98,371.44,3766900.0
VOO,2023-04-27,373.89,379.13,373.67,378.81,4302400.0
VOO,2023-04-28,378.04,382.12,378.0,382.05,3386900.0
VOO,2023-05-01,381.73,383.64,381.52,381.79,3069300.0
VOO,2023-05-02,381.06,381.11,374.67,377.51,4311600.0
VOO,2023-05-03,377.91,380.2,374.6,374.88,5513000.0
VOO,2023-05-04,373.84,374.11,370.92,372.14,4421500.0
VOO,2023-05-05,375.74,380.09,375.43,378.97,3134100.0
VOO,2023-05-08,379.41,379.62,377.88,379.18,2957600.0
VOO,2023-05-09,377.71,378.58,377.33,377.54,2271000.0
VOO,2023-05-10,380.28,380.83,375.64,379.19,3512900.0
VOO,2023-05-11,378.47,378.88,376.67,378.66,2676600.0
VOO,2023-05-12,379.85,380.01,375.84,378.15,2530300.0
VOO,2023-05-15,378.74,379.84,376.91,379.46,3882600.0
VOO,2023-05-16,378.39,379.28,376.91,376.95,2275300.0
VOO,2023-05-17,378.85,382.09,377.28,381.45,3222600.0
VOO,2023-05-18,381.26,385.57,381.0,385.18,3340600.0
VOO,2023-05-19,386.02,386.54,383.44,384.57,3646600.0
VOO,2023-05-22,384.66,386.23,383.47,384.78,2784000.0
VOO,2023-05-23,383.19,384.11,380.08,380.48,2887300.0
VOO,2023-05-24,378.91,379.25,376.57,377.63,3611600.0
VOO,2023-05-25,380.99,382.28,378.92,380.92,3315900.0
VOO,2023-05-26,381.64,386.57,381.54,385.87,3042800.0
VOO,2023-05-30,387.76,388.26,384.76,385.99,3968500.0
VOO,2023-05-31,384.31,385.16,382.42,383.89,4205300.0
VOO,2023-06-01,384.2,388.57,382.97,387.57,3563600.0
VOO,2023-06-02,390.08,393.96,389.54,393.26,7365800.0
VOO,2023-06-05,393.54,394.77,391.79,392.5,3481200.0
VOO,2023-06-06,392.05,393.79,391.41,393.31,2894700.0
VOO,2023-06-07,393.67,394.76,391.54,392.02,3942900.0
VOO,2023-06-08,391.96,394.73,391.29,394.37,3455400.0
VOO,2023-06-09,395.05,396.93,394.08,395.03,3060100.0
VOO,2023-06-12,395.98,398.69,395.3,398.66,3792700.0
VOO,2023-06-13,400.02,401.85,399.4,401.29,3913100.0
VOO,2023-06-14,401.61,403.44,398.46,401.6,5161300.0
VOO,2023-06-15,401.0,407.93,400.89,406.75,5285000.0
VOO,2023-06-16,408.69,408.76,404.89,405.25,5132700.0
VOO,2023-06-20,403.49,404.32,401.26,403.38,4242900.0
VOO,2023-06-21,402.31,403.06,400.67,401.17,3423500.0
VOO,2023-06-22,400.28,402.72,399.95,402.63,3141000.0
VOO,2023-06-23,399.33,401.28,398.93,399.61,4205300.0
VOO,2023-06-26,399.04,400.86,397.73,397.96,3250700.0
VOO,2023-06-27,398.8,402.93,398.39,402.37,4302400.0
VOO,2023-06-28,401.35,403.49,400.71,402.55,4320700.0
VOO,2023-06-29,400.6,402.67,400.19,402.51,3914800.0
VOO,2023-06-30,405.4,408.22,405.29,407.28,5160100.0
VOO,2023-07-03,406.92,408.06,406.68,408.06,2372000.0
VOO,2023-07-05,406.01,407.84,406.01,407.15,4230100.0
VOO,2023-07-06,403.78,404.35,401.56,403.83,6040300.0
VOO,2023-07-07,403.03,406.68,402.71,402.89,3672200.0
VOO,2023-07-10,402.63,404.11,402.06,403.97,3362300.0
VOO,2023-07-11,404.77,407.0,403.77,406.56,3181900.0
VOO,2023-07-12,410.19,411.13,408.79,409.76,4246400.0
VOO,2023-07-13,411.54,413.81,411.13,413.1,3273400.0
VOO,2023-07-14,413.94,414.71,412.08,412.77,3678400.0
VOO,2023-07-17,412.65,415.25,412.63,414.21,2963700.0
VOO,2023-07-18,413.91,417.93,413.54,417.35,3597300.0
VOO,2023-07-19,418.07,419.37,417.49,418.25,3494900.0
VOO,2023-07-20,417.3,418.16,414.82,415.52,4085000.0
VOO,2023-07-21,417.11,417.3,415.48,415.57,3175700.0
VOO,2023-07-24,416.58,418.1,416.02,417.33,3471100.0
VOO,2023-07-25,417.08,419.65,417.07,418.56,3949300.0
VOO,2023-07-26,417.62,419.89,416.58,418.66,6138800.0
VOO,2023-07-27,421.79,422.15,414.92,415.82,4149400.0
VOO,2023-07-28,418.93,420.62,418.16,419.87,2701200.0
VOO,2023-07-31,420.32,420.97,419.05,420.68,3452100.0
VOO,2023-08-01,419.26,420.08,418.55,419.38,3118000.0
VOO,2023-08-02,416.46,416.7,412.88,413.57,4973700.0
VOO,2023-08-03,411.68,414.19,411.09,412.4,3022300.0
VOO,2023-08-04,414.15,416.13,410.03,410.38,5714600.0
VOO,2023-08-07,412.29,414.24,411.64,414.08,2598000.0
VOO,2023-08-08,411.76,412.74,409.13,412.29,3780100.0
VOO,2023-08-09,412.66,412.73,408.85,409.55,3145900.0
VOO,2023-08-10,411.8,415.05,408.62,409.79,4588300.0
VOO,2023-08-11,407.95,410.41,407.34,409.41,2917900.0
VOO,2023-08-14,408.56,411.74,408.31,411.72,2772900.0
VOO,2023-08-15,410.09,411.71,406.41,407.0,4686100.0
VOO,2023-08-16,406.59,408.11,403.87,403.99,3353700.0
VOO,2023-08-17,405.33,405.58,400.37,400.72,7102500.0
VOO,2023-08-18,398.17,402.02,397.85,401.09,4156500.0
VOO,2023-08-21,402.14,404.39,399.99,403.74,3292400.0
VOO,2023-08-22,405.35,405.4,402.06,402.61,2648100.0
VOO,2023-08-23,403.56,407.67,403.47,406.95,3250000.0
VOO,2023-08-24,408.6,409.08,401.4,401.54,3458800.0
VOO,2023-08-25,403.08,405.8,399.71,404.2,4417800.0
VOO,2023-08-28,406.36,407.44,405.1,406.86,3236700.0
VOO,2023-08-29,406.78,412.98,406.57,412.64,3482700.0
VOO,2023-08-30,413.03,415.03,412.4,414.36,3004500.0
VOO,2023-08-31,414.98,416.12,413.66,413.83,4751100.0
VOO,2023-09-01,416.46,416.88,413.21,414.71,3587100.0
VOO,2023-09-05,414.2,414.47,412.77,412.9,4426700.0
VOO,2023-09-06,412.1,412.13,407.83,410.05,3744100.0
VOO,2023-09-07,407.17,409.43,406.86,408.83,2245800.0
VOO,2023-09-08,408.82,410.84,408.49,409.39,4124400.0
VOO,2023-09-11,411.88,412.38,410.29,412.08,3346600.0
VOO,2023-09-12,410.7,412.15,409.29,409.87,7595300.0
VOO,2023-09-13,410.03,411.4,408.99,410.35,2529700.0
VOO,2023-09-14,412.67,414.51,411.42,413.9,3660900.0
VOO,2023-09-15,412.34,412.67,408.48,408.74,3999700.0
VOO,2023-09-18,408.58,410.34,408.16,409.19,3014600.0
VOO,2023-09-19,408.22,408.81,405.71,408.37,3623300.0
VOO,2023-09-20,409.46,409.84,404.33,404.55,4009400.0
VOO,2023-09-21,401.8,402.05,397.69,397.92,4621000.0
VOO,2023-09-22,398.8,400.33,396.56,396.96,7204200.0
VOO,2023-09-25,395.76,398.64,395.37,398.61,3227900.0
VOO,2023-09-26,395.72,396.36,391.96,392.76,5734700.0
VOO,2023-09-27,393.84,394.39,389.45,392.85,4837700.0
VOO,2023-09-28,390.87,395.27,390.33,393.64,4065800.0
VOO,2023-09-29,396.62,396.74,391.3,392.7,5762900.0
VOO,2023-10-02,391.9,393.76,389.97,392.67,5886200.0
VOO,2023-10-03,390.58,391.93,386.03,387.39,6886700.0
VOO,2023-10-04,387.73,390.85,386.4,390.24,4333700.0
VOO,2023-10-05,389.89,390.79,386.95,389.91,3329100.0
VOO,2023-10-06,387.69,396.09,386.41,394.56,4896100.0
VOO,2023-10-09,392.77,397.69,392.31,397.19,2959500.0
VOO,2023-10-10,397.77,401.68,397.39,399.24,3289600.0
VOO,2023-10-11,400.27,401.09,397.99,400.93,4181800.0
VOO,2023-10-12,401.48,401.8,396.2,398.52,3872900.0
VOO,2023-10-13,399.81,400.96,394.96,396.42,3769800.0
VOO,2023-10-16,398.57,401.6,398.34,400.57,5150900.0
VOO,2023-10-17,397.63,402.5,397.31,400.58,4214600.0
VOO,2023-10-18,398.89,399.81,394.22,395.22,7329300.0
VOO,2023-10-19,395.97,397.6,391.14,391.87,6708900.0
VOO,2023-10-20,391.38,391.82,386.84,386.99,7546900.0
VOO,2023-10-23,385.48,389.94,383.85,386.31,5537100.0
VOO,2023-10-24,388.28,390.26,386.55,389.2,4451500.0
VOO,2023-10-25,387.6,387.68,383.12,383.71,5471200.0
VOO,2023-10-26,382.63,383.4,378.15,379.0,6959400.0
VOO,2023-10-27,380.53,380.89,375.95,377.32,5638800.0
VOO,2023-10-30,379.91,382.8,378.71,381.86,5795800.0
VOO,2023-10-31,382.35,384.48,380.56,384.17,4523200.0
VOO,2023-11-01,385.09,389.08,384.62,388.4,5549200.0
VOO,2023-11-02,391.93,395.91,391.92,395.78,4752200.0
VOO,2023-11-03,397.92,400.85,397.84,399.44,5980300.0
VOO,2023-11-06,400.12,400.73,398.46,400.21,4007100.0
VOO,2023-11-07,400.26,402.04,399.23,401.34,3358600.0
VOO,2023-11-08,401.99,402.5,399.56,401.67,3731900.0
VOO,2023-11-09,402.81,402.88,398.21,398.64,4145600.0
VOO,2023-11-10,400.59,405.11,399.14,404.86,3992800.0
VOO,2023-11-13,403.59,405.49,402.82,404.45,2872900.0
VOO,2023-11-14,410.04,413.51,409.89,412.22,6973100.0
VOO,2023-11-15,413.54,414.72,412.37,413.12,4414800.0
VOO,2023-11-16,412.74,413.95,411.75,413.7,3798900.0
VOO,2023-11-17,413.94,414.79,412.87,414.31,4696200.0
VOO,2023-11-20,413.99,418.2,413.98,417.43,3517600.0
VOO,2023-11-21,416.4,416.84,415.3,416.34,5248200.0
VOO,2023-11-22,418.07,419.31,417.06,418.14,3692800.0
VOO,2023-11-24,418.19,418.49,417.84,418.37,1351300.0
VOO,2023-11-27,417.79,418.53,417.23,417.64,3632600.0
VOO,2023-11-28,417.25,419.25,416.71,418.05,3382400.0
VOO,2023-11-29,420.06,421.12,417.37,417.78,4092600.0
VOO,2023-11-30,418.54,419.7,416.57,419.4,4405700.0
VOO,2023-12-01,418.83,422.37,418.25,421.86,4971600.0
VOO,2023-12-04,418.65,419.87,417.5,419.74,5806100.0
VOO,2023-12-05,418.34,420.47,418.0,419.61,3419300.0
VOO,2023-12-06,421.61,421.67,417.46,417.86,4201800.0
VOO,2023-12-07,419.81,421.67,419.28,421.13,3248300.0
VOO,2023-12-08,420.37,423.37,420.15,422.92,5121800.0
VOO,2023-12-11,422.41,424.71,422.22,424.56,5247100.0
VOO,2023-12-12,424.22,426.67,423.27,426.67,5982600.0
VOO,2023-12-13,426.88,432.61,426.51,432.48,8659100.0
VOO,2023-12-14,434.22,435.36,431.24,433.75,8349100.0
VOO,2023-12-15,433.19,434.25,432.24,433.09,5281900.0
VOO,2023-12-18,434.64,436.4,434.45,435.54,4280500.0
VOO,2023-12-19,436.04,438.22,435.95,438.19,4061500.0
VOO,2023-12-20,435.51,437.31,429.9,430.09,5783200.0
VOO,2023-12-21,433.13,434.64,430.86,434.28,4621600.0
VOO,2023-12-22,435.46,436.84,433.48,435.29,4035200.0
VOO,2023-12-26,435.67,437.92,435.58,437.1,3835800.0
VOO,2023-12-27,436.9,438.02,436.42,437.9,4271000.0
VOO,2023-12-28,438.25,438.84,437.66,437.97,4703700.0
VOO,2023-12-29,437.87,438.34,434.94,436.8,4374400.0
VOO,2024-01-02,433.91,435.27,432.36,434.01,9076000.0
VOO,2024-01-03,432.32,433.0,430.25,430.79,4805000.0
VOO,2024-01-04,430.33,432.78,429.21,429.43,3945300.0
VOO,2024-01-05,429.59,432.3,428.64,429.98,5723100.0
VOO,2024-01-08,430.45,436.27,430.37,436.13,7222400.0
VOO,2024-01-09,433.62,436.43,433.16,435.07,7939600.0
VOO,2024-01-10,435.77,438.74,435.48,437.94,4278800.0
VOO,2024-01-11,438.94,439.36,434.0,437.79,4796600.0
VOO,2024-01-12,439.11,439.8,436.73,437.99,5180800.0
VOO,2024-01-16,436.79,437.98,434.74,436.5,5730800.0
VOO,2024-01-17,433.6,434.48,431.81,434.07,6044600.0
VOO,2024-01-18,435.58,438.39,434.16,437.93,4331300.0
VOO,2024-01-19,439.0,443.61,438.31,443.29,4832700.0
VOO,2024-01-22,444.77,445.92,443.68,444.3,5870400.0
VOO,2024-01-23,444.83,445.82,443.78,445.62,3251600.0
VOO,2024-01-24,448.32,449.19,445.75,445.99,4568200.0
VOO,2024-01-25,448.14,448.76,446.11,448.5,4167100.0
VOO,2024-01-26,448.1,449.51,447.16,448.23,6404000.0
VOO,2024-01-29,448.23,451.61,447.71,451.49,4543300.0
VOO,2024-01-30,450.84,451.81,450.44,451.17,3410000.0
VOO,2024-01-31,449.04,449.47,443.75,443.82,7108000.0
VOO,2024-02-01,445.35,449.66,444.65,449.66,6138400.0
VOO,2024-02-02,450.01,455.88,449.69,454.28,6251600.0
VOO,2024-02-05,453.73,454.15,450.54,452.62,7101900.0
VOO,2024-02-06,453.58,454.29,452.21,454.03,4383600.0
VOO,2024-02-07,456.15,458.18,455.27,457.76,6763400.0
VOO,2024-02-08,457.81,458.33,457.03,458.07,4184600.0
VOO,2024-02-09,458.54,461.03,458.17,460.67,4002600.0
VOO,2024-02-12,460.61,462.74,459.75,460.46,4564200.0
VOO,2024-02-13,454.48,455.7,451.0,453.97,8152200.0
VOO,2024-02-14,456.58,458.67,454.4,458.29,5624000.0
VOO,2024-02-15,458.9,461.54,458.43,461.39,5695700.0
VOO,2024-02-16,461.08,462.15,458.4,459.03,5526200.0
VOO,2024-02-20,457.44,458.06,454.43,456.51,5306800.0
VOO,2024-02-21,455.32,457.12,453.6,456.97,4223100.0
VOO,2024-02-22,463.22,467.33,462.32,466.57,4328500.0
VOO,2024-02-23,468.09,468.87,466.09,466.78,4050600.0
VOO,2024-02-26,467.19,467.59,464.94,465.07,3450800.0
VOO,2024-02-27,465.71,466.12,463.91,465.93,3586900.0
VOO,2024-02-28,464.49,465.83,464.11,465.21,2800600.0
VOO,2024-02-29,466.97,468.49,464.47,466.93,7332900.0
VOO,2024-03-01,467.83,471.77,467.43,471.43,4833700.0
VOO,2024-03-04,470.61,472.6,470.6,470.87,3970200.0
VOO,2024-03-05,468.95,469.38,464.06,466.15,4616500.0
VOO,2024-03-06,469.25,470.66,467.32,468.62,5325100.0
VOO,2024-03-07,471.63,474.19,470.78,473.26,7149800.0
VOO,2024-03-08,473.77,476.3,469.82,470.39,6281900.0
VOO,2024-03-11,469.2,470.46,467.39,470.0,5323900.0
VOO,2024-03-12,471.92,475.55,469.57,475.03,4811000.0
VOO,2024-03-13,475.31,475.47,472.9,474.31,3544500.0
VOO,2024-03-14,475.16,475.33,470.45,473.27,5153000.0
VOO,2024-03-15,470.41,471.78,468.72,470.01,6802400.0
VOO,2024-03-18,473.95,475.28,472.5,472.95,3939100.0
VOO,2024-03-19,472.2,475.74,471.29,475.6,4550200.0
VOO,2024-03-20,475.54,480.02,474.93,479.75,6179400.0
VOO,2024-03-21,482.62,483.24,481.21,481.35,5044700.0
VOO,2024-03-22,479.87,480.32,478.82,479.18,5876800.0
VOO,2024-03-25,477.73,478.79,477.55,477.94,6081300.0
VOO,2024-03-26,479.06,479.37,476.43,476.6,8073500.0
VOO,2024-03-27,479.51,480.87,477.45,480.76,4951400.0
VOO,2024-03-28,480.87,482.16,480.5,480.7,4065000.0
VOO,2024-04-01,481.44,481.96,478.83,480.07,5734000.0
VOO,2024-04-02,476.33,476.99,474.71,476.93,4817800.0
VOO,2024-04-03,475.84,478.8,475.79,477.36,6224800.0
VOO,2024-04-04,481.2,481.48,471.27,471.48,6871200.0
VOO,2024-04-05,472.85,478.33,472.42,476.49,5582200.0
VOO,2024-04-08,477.15,478.07,475.97,476.68,4736800.0
VOO,2024-04-09,478.38,478.6,472.74,477.27,5254200.0
VOO,2024-04-10,471.91,474.39,470.67,472.65,6933400.0
VOO,2024-04-11,473.98,477.43,470.67,476.06,5109900.0
VOO,2024-04-12,472.77,474.05,467.91,469.57,6954300.0
VOO,2024-04-15,473.47,473.59,462.85,463.61,9530000.0
VOO,2024-04-16,464.05,465.51,461.59,462.78,6761400.0
VOO,2024-04-17,465.11,465.24,458.73,459.99,7156200.0
VOO,2024-04-18,461.36,463.3,458.21,458.94,5637300.0
VOO,2024-04-19,458.99,459.94,453.9,455.1,9766100.0
VOO,2024-04-22,457.55,461.73,455.35,459.05,5818100.0
VOO,2024-04-23,461.18,465.13,460.67,464.84,4257400.0
VOO,2024-04-24,465.57,466.31,462.44,464.5,7687800.0
VOO,2024-04-25,458.77,463.46,457.26,462.58,4876200.0
VOO,2024-04-26,465.33,468.63,464.81,467.21,4907100.0
VOO,2024-04-29,468.84,469.42,466.21,468.84,3253200.0
VOO,2024-04-30,467.42,468.34,461.36,461.43,4364800.0
VOO,2024-05-01,460.77,467.07,459.44,459.93,6115400.0
VOO,2024-05-02,463.36,464.95,459.16,464.22,3972400.0
VOO,2024-05-03,469.76,471.0,467.44,469.98,4586900.0
VOO,2024-05-06,472.22,474.81,471.82,474.72,4782500.0
VOO,2024-05-07,475.7,476.64,474.71,475.4,3451300.0
VOO,2024-05-08,473.59,475.86,473.5,475.42,3214900.0
VOO,2024-05-09,475.59,478.15,474.94,478.15,3486000.0
VOO,2024-05-10,479.69,480.39,477.59,478.74,3347200.0
VOO,2024-05-13,480.35,480.42,477.73,478.77,3108400.0
VOO,2024-05-14,478.98,481.47,478.48,481.04,3257700.0
VOO,2024-05-15,483.34,487.23,482.74,486.9,4399500.0
VOO,2024-05-16,487.05,488.57,485.83,485.97,3347400.0
VOO,2024-05-17,486.09,486.73,484.7,486.69,3274000.0
VOO,2024-05-20,486.78,488.61,486.45,487.17,2599600.0
VOO,2024-05-21,486.53,488.58,486.35,488.48,2453600.0
VOO,2024-05-22,487.79,488.43,484.94,487.06,3250600.0
VOO,2024-05-23,489.91,489.99,482.29,483.44,3811300.0
VOO,2024-05-24,485.18,487.4,484.33,486.73,2551400.0
VOO,2024-05-28,487.4,487.65,484.53,487.12,4034700.0
VOO,2024-05-29,483.19,484.68,482.96,483.69,5605000.0
VOO,2024-05-30,482.12,482.75,479.2,480.44,3393600.0
VOO,2024-05-31,481.24,484.91,476.48,484.62,5334000.0
VOO,2024-06-03,486.3,486.41,480.4,485.15,4211300.0
VOO,2024-06-04,484.0,486.41,482.56,485.74,2560300.0
VOO,2024-06-05,487.87,491.55,486.06,491.55,3026100.0
VOO,2024-06-06,491.84,492.18,489.64,491.44,21344000
VOO,2024-06-07,490.55,493.53,489.54,490.8,3063600.0
VOO,2024-06-10,490.17,492.69,489.56,492.41,3465200.0
VOO,2024-06-11,490.99,493.66,489.11,493.53,4028400.0
VOO,2024-06-12,497.93,500.15,496.71,497.64,3698800.0
VOO,2024-06-13,499.3,499.45,496.06,498.58,8808900.0
VOO,2024-06-14,497.26,499.04,496.29,498.98,5812000.0
VOO,2024-06-17,498.48,504.18,497.91,502.94,4609500.0
VOO,2024-06-18,503.05,504.36,502.63,504.28,3431700.0
VOO,2024-06-20,505.14,505.74,501.19,502.88,4810900.0
VOO,2024-06-21,502.1,503.22,500.85,501.78,4347800.0
VOO,2024-06-24,502.03,504.44,500.43,500.43,7022800.0
VOO,2024-06-25,501.71,502.83,500.32,502.51,6336700.0
VOO,2024-06-26,501.47,503.77,500.89,503.07,3202700.0
VOO,2024-06-27,503.0,504.48,502.32,503.85,3619700.0
VOO,2024-06-28,502.97,505.73,499.01,500.13,5598600.0
VOO,2024-07-01,501.49,501.68,498.6,501.28,4368500.0
VOO,2024-07-02,499.69,504.61,499.61,504.54,3859367.0
VOO,2024-07-03,504.22,507.14,504.22,506.81,2125231.0
VOO,2024-07-05,507.13,510.1,506.49,509.84,3153083.0
VOO,2024-07-08,510.5,511.205,509.32,510.33,3135322.0
VOO,2024-07-09,511.21,512.01,510.54,510.89,3108617.0
VOO,2024-07-10,511.98,516.185,511.69,515.81,3439794.0
VOO,2024-07-11,516.0,516.79,510.825,511.39,5438593.0
VOO,2024-07-12,512.49,518.03,512.17,514.55,5223877.0
VOO,2024-07-15,516.58,519.12,514.34,516.11,7759574.0
VOO,2024-07-16,517.33,519.4,516.6,519.04,4157329.0
VOO,2024-07-17,513.56,515.11,511.56,511.79,4971998.0
VOO,2024-07-18,513.25,514.19,505.871,507.94,4655138.0
VOO,2024-07-19,507.64,509.2,503.56,504.55,4031642.0
VOO,2024-07-22,508.27,510.32,506.44,509.79,4334726.0
VOO,2024-07-23,509.66,511.65,508.49,508.94,3111045.0
VOO,2024-07-24,504.43,504.7,496.545,497.29,6133368.0
VOO,2024-07-25,497.55,503.14,493.92,494.78,5637498.0
VOO,2024-07-26,498.36,502.885,497.67,500.33,3625415.0
VOO,2024-07-29,501.82,502.765,498.7746,500.7,3088148.0
VOO,2024-07-30,502.05,503.01,494.915,498.08,3803272.0
VOO,2024-07-31,504.48,508.6532,503.305,505.93,5338064.0
VOO,2024-08-01,507.84,509.9,495.75,499.03,6923098.0
VOO,2024-08-02,492.41,493.52,485.8,489.91,8548152.0
VOO,2024-08-05,470.17,481.18,468.89,475.2,15099458
VOO,2024-08-06,477.39,486.86,475.94,479.94,8253625.0
VOO,2024-08-07,485.7,488.55,476.11,476.61,5925613.0
VOO,2024-08-08,481.49,488.27,479.64,487.73,4167318.0
VOO,2024-08-09,486.93,491.21,485.82,489.82,6244105.0
VOO,2024-08-12,490.94,492.35,487.98,490.07,3572492.0
VOO,2024-08-13,493.14,498.38,492.92,498.21,3235431.0
VOO,2024-08-14,498.92,500.85,496.478,499.8,3695873.0
VOO,2024-08-15,505.09,508.59,504.4857,508.38,4268770.0
VOO,2024-08-16,506.84,510.11,506.65,509.45,3445325.0
VOO,2024-08-19,509.86,514.35,509.06,514.35,3797576.0
VOO,2024-08-20,513.92,515.4799,512.25,513.5,3151874.0
VOO,2024-08-21,514.47,516.6599,512.85,515.3,3340192.0
VOO,2024-08-22,517.05,517.63,510.1,511.13,3669897.0
VOO,2024-08-23,514.33,517.55,512.2521,516.66,5097688.0
VOO,2024-08-26,517.64,518.29,513.875,515.39,3391305.0
VOO,2024-08-27,514.26,516.59,513.16,516.08,3026884.0
VOO,2024-08-28,515.8,516.23,510.16,513.13,3896662.0
VOO,2024-08-29,514.99,518.09,512.13,513.21,3482089.0
VOO,2024-08-30,515.42,518.58,512.12,518.04,5633687.0
VOO,2024-09-03,515.12,515.43,505.1,507.56,5825145.0
VOO,2024-09-04,505.68,509.53,505.02,506.3,3592516.0
VOO,2024-09-05,506.36,508.94,502.84,505.05,3400366.0
VOO,2024-09-06,505.34,506.94,495.8,496.64,7483239.0
VOO,2024-09-09,500.6,503.37,498.75,502.23,3651871.0
VOO,2024-09-10,503.95,504.705,499.4997,504.3,2917898.0
VOO,2024-09-11,504.31,510.44,496.25,509.46,6331265.0
VOO,2024-09-12,510.09,514.1398,508.06,513.84,4091511.0
VOO,2024-09-13,514.43,517.53,514.23,516.57,4412332.0
VOO,2024-09-16,516.34,517.59,514.65,517.35,4250142.0
VOO,2024-09-17,519.44,520.735,515.5,517.59,8146429.0
VOO,2024-09-18,518.18,522.73,515.47,515.91,6912187.0
VOO,2024-09-19,524.88,526.6,522.19,524.91,5535417.0
VOO,2024-09-20,523.51,524.92,521.12,523.88,5609242.0
VOO,2024-09-23,525.0,525.83,523.83,525.17,28890958
VOO,2024-09-24,526.01,526.84,523.38,526.68,4868240.0
VOO,2024-09-25,526.61,527.3,524.65,525.61,35413632
VOO,2024-09-26,529.67,529.92,525.49,527.7,5245845.0
VOO,2024-09-27,527.09,527.77,524.32,525.38,5578875.0
VOO,2024-09-30,524.32,527.955,522.19,527.67,7985296.0
VOO,2024-10-01,527.04,527.1,520.23,522.74,9186309.0
VOO,2024-10-02,521.85,523.85,519.5801,522.83,3257108.0
VOO,2024-10-03,521.56,523.755,519.82,521.84,4001535.0
VOO,2024-10-04,526.16,527.02,522.3,526.65,5354575.0
VOO,2024-10-07,525.14,525.7201,520.81,521.91,4116881.0
VOO,2024-10-08,524.32,527.38,523.5,526.85,2620261.0
VOO,2024-10-09,526.87,531.03,526.31,530.45,2933812.0
VOO,2024-10-10,529.27,530.9,528.09,529.56,3627647.0
VOO,2024-10-11,529.5,533.43,529.39,532.71,5426609.0
VOO,2024-10-14,534.25,537.98,533.97,537.07,2631199.0
VOO,2024-10-15,537.38,537.61,531.82,532.98,4806816.0
VOO,2024-10-16,532.93,535.73,532.215,535.22,3223523.0
VOO,2024-10-17,538.62,538.76,535.15,535.3,3220915.0
VOO,2024-10-18,536.9,538.1,535.56,537.36,5066429.0
VOO,2024-10-21,536.72,537.61,533.71,536.53,3667118.0
VOO,2024-10-22,534.11,537.28,533.47,536.16,3363195.0
VOO,2024-10-23,534.28,534.72,528.02,531.27,5138489.0
VOO,2024-10-24,533.17,533.18,530.04,532.47,4431830.0
VOO,2024-10-25,534.65,537.2601,531.414,532.26,4317018.0
VOO,2024-10-28,535.53,535.57,533.6708,533.92,3390024.0
VOO,2024-10-29,533.12,535.82,531.75,534.77,3017440.0
VOO,2024-10-30,534.35,536.2,532.59,533.16,3050463.0
VOO,2024-10-31,529.09,529.23,522.51,522.67,7965996.0
VOO,2024-11-01,525.16,529.08,524.5401,524.94,6103262.0
VOO,2024-11-04,525.06,526.28,522.0301,523.8,3668389.0
VOO,2024-11-05,524.72,530.17,524.48,530.1,3286906.0
VOO,2024-11-06,541.65,544.14,538.17,543.3,7465743.0
VOO,2024-11-07,545.22,548.475,545.15,547.53,6043671.0
VOO,2024-11-08,548.07,551.24,548.06,549.95,6793623.0
VOO,2024-11-11,551.43,551.73,548.85,550.4,4873355.0
VOO,2024-11-12,550.39,550.94,546.43,548.75,4803130.0
VOO,2024-11-13,549.16,550.88,546.97,549.03,3691638.0
VOO,2024-11-14,549.1,549.57,544.88,545.54,3925690.0
VOO,2024-11-15,542.13,542.57,536.75,538.5,7336419.0
VOO,2024-11-18,538.92,541.93,538.145,540.73,4494893.0
VOO,2024-11-19,537.5,543.37,536.9,542.7,6969244.0
VOO,2024-11-20,542.78,543.07,537.44,542.9,3914001.0
VOO,2024-11-21,545.58,547.07,540.04,545.64,4526625.0
VOO,2024-11-22,545.82,548.0496,545.37,547.47,5505107.0
VOO,2024-11-25,551.2,552.38,547.1999,549.23,4286854.0
VOO,2024-11-26,550.5,552.8199,549.85,552.31,4248856.0
VOO,2024-11-27,552.04,552.38,549.11,550.55,3186320.0
VOO,2024-11-29,551.29,554.7,551.07,553.45,3973679.0
VOO,2024-12-02,554.36,555.57,553.89,555.01,5431568.0
VOO,2024-12-03,554.8,555.4301,553.79,555.14,4197290.0
VOO,2024-12-04,556.83,558.88,556.171,558.64,5466978.0
VOO,2024-12-05,558.63,559.41,557.46,557.71,3007640.0
VOO,2024-12-06,558.47,559.96,558.08,558.82,5099518.0
VOO,2024-12-09,558.71,558.865,555.38,555.91,4397285.0
VOO,2024-12-10,556.58,556.88,553.57,554.33,4074794.0
VOO,2024-12-11,556.92,559.39,556.66,558.53,3507814.0
VOO,2024-12-12,557.67,558.2,555.62,555.65,4027707.0
VOO,2024-12-13,557.51,558.16,554.2044,555.61,4658801.0
VOO,2024-12-16,557.13,558.7983,556.415,557.79,22862192
VOO,2024-12-17,555.47,556.385,554.29,555.45,5867100.0
VOO,2024-12-18,555.3,557.53,538.53,539.14,24498736
VOO,2024-12-19,543.69,545.1,538.65,538.94,16436552
VOO,2024-12-20,536.61,549.54,535.85,545.04,9368594.0
VOO,2024-12-23,543.31,547.36,540.32,547.19,6677880.0
VOO,2024-12-24,548.06,552.9,547.54,552.82,3438412.0
VOO,2024-12-26,551.2,553.97,549.9201,552.81,4485315.0
VOO,2024-12-27,549.37,549.62,543.2001,547.08,7072072.0
VOO,2024-12-30,540.56,544.09,537.4,540.99,6488968.0
VOO,2024-12-31,542.45,543.0651,537.4001,538.81,6076220.0
