symbol,dt_close,close,volume
AAPL,2022-01-03 21:00:00,179.7246,106008584
AAPL,2022-01-04 21:00:00,177.4436,100370760
AAPL,2022-01-05 21:00:00,172.7236,95737752
AAPL,2022-01-06 21:00:00,169.8403,98114952
AAPL,2022-01-07 21:00:00,170.0081,87811768
AAPL,2022-01-10 21:00:00,170.0279,108112080
AAPL,2022-01-11 21:00:00,172.8816,77106512
AAPL,2022-01-12 21:00:00,173.3259,75756424
AAPL,2022-01-13 21:00:00,170.0279,85479088
AAPL,2022-01-14 21:00:00,170.8968,81463688
AAPL,2022-01-18 21:00:00,167.6679,92221984
AAPL,2022-01-19 21:00:00,164.1427,96020688
AAPL,2022-01-20 21:00:00,162.4443,92583048
AAPL,2022-01-21 21:00:00,160.3707,124386744
AAPL,2022-01-24 21:00:00,159.5906,164775712
AAPL,2022-01-25 21:00:00,157.7737,117249400
AAPL,2022-01-26 21:00:00,157.6848,109652176
AAPL,2022-01-27 21:00:00,157.2207,123505456
AAPL,2022-01-28 21:00:00,168.1912,181717424
AAPL,2022-01-31 21:00:00,172.5853,116991104
AAPL,2022-02-01 21:00:00,172.4175,86684376
AAPL,2022-02-02 21:00:00,173.632,85993952
AAPL,2022-02-03 21:00:00,170.729,90555144
AAPL,2022-02-04 21:00:00,170.4422,83388880
AAPL,2022-02-07 21:00:00,169.7205,78134008
AAPL,2022-02-08 21:00:00,172.8547,75684344
AAPL,2022-02-09 21:00:00,174.2883,72018248
AAPL,2022-02-10 21:00:00,170.1753,91752576
AAPL,2022-02-11 21:00:00,166.7346,99616216
AAPL,2022-02-14 21:00:00,166.9719,87170440
AAPL,2022-02-15 21:00:00,170.8377,65020964
AAPL,2022-02-16 21:00:00,170.6004,61838384
AAPL,2022-02-17 21:00:00,166.9719,70384592
AAPL,2022-02-18 21:00:00,165.4097,83718576
AAPL,2022-02-22 21:00:00,162.4634,92189976
AAPL,2022-02-23 21:00:00,158.2614,91037848
AAPL,2022-02-24 21:00:00,160.9013,142760544
AAPL,2022-02-25 21:00:00,162.9874,93025280
AAPL,2022-02-28 21:00:00,163.2544,96142912
AAPL,2022-03-01 21:00:00,161.3561,84422728
AAPL,2022-03-02 21:00:00,164.6781,80635824
AAPL,2022-03-03 21:00:00,164.3518,77554704
AAPL,2022-03-04 21:00:00,161.3264,84777464
AAPL,2022-03-07 21:00:00,157.5001,97520696
AAPL,2022-03-08 21:00:00,155.6611,132638112
AAPL,2022-03-09 21:00:00,161.1089,92490416
AAPL,2022-03-10 21:00:00,156.7289,106545856
AAPL,2022-03-11 21:00:00,152.9818,98024848
AAPL,2022-03-14 20:00:00,148.9182,109954448
AAPL,2022-03-15 20:00:00,153.3377,94026672
AAPL,2022-03-16 20:00:00,157.7869,103469216
AAPL,2022-03-17 20:00:00,158.8052,76479488
AAPL,2022-03-18 20:00:00,162.1273,124011328
AAPL,2022-03-21 20:00:00,163.5114,96906256
AAPL,2022-03-22 20:00:00,166.9126,82463736
AAPL,2022-03-23 20:00:00,168.2869,99183312
AAPL,2022-03-24 20:00:00,172.1032,91161416
AAPL,2022-03-25 20:00:00,172.7459,81449624
AAPL,2022-03-28 20:00:00,173.616,91404664
AAPL,2022-03-29 20:00:00,176.938,100596544
AAPL,2022-03-30 20:00:00,175.7614,92384472
AAPL,2022-03-31 20:00:00,172.6371,104226904
AAPL,2022-04-01 20:00:00,172.3405,79145568
AAPL,2022-04-04 20:00:00,176.4239,77420728
AAPL,2022-04-05 20:00:00,173.0821,74240600
AAPL,2022-04-06 20:00:00,169.8886,90076520
AAPL,2022-04-07 20:00:00,170.1951,78481384
AAPL,2022-04-08 20:00:00,168.1682,77408824
AAPL,2022-04-11 20:00:00,163.8773,73072320
AAPL,2022-04-12 20:00:00,165.7657,80171008
AAPL,2022-04-13 20:00:00,168.4747,71425936
AAPL,2022-04-14 20:00:00,163.4224,75927248
AAPL,2022-04-18 20:00:00,163.2049,69812728
AAPL,2022-04-19 20:00:00,165.5086,68497760
AAPL,2022-04-20 20:00:00,165.3405,68706096
AAPL,2022-04-21 20:00:00,164.5397,88224584
AAPL,2022-04-22 20:00:00,159.962,85845360
AAPL,2022-04-25 20:00:00,161.0397,97114640
AAPL,2022-04-26 20:00:00,155.0284,96687664
AAPL,2022-04-27 20:00:00,154.801,89069552
AAPL,2022-04-28 20:00:00,161.7911,131636504
AAPL,2022-04-29 20:00:00,155.8688,133253072
AAPL,2022-05-02 20:00:00,156.1753,124456184
AAPL,2022-05-03 20:00:00,157.6781,89983216
AAPL,2022-05-04 20:00:00,164.1442,109443056
AAPL,2022-05-05 20:00:00,154.9987,131909632
AAPL,2022-05-06 20:00:00,155.7314,116643112
AAPL,2022-05-09 20:00:00,150.5628,132886312
AAPL,2022-05-10 20:00:00,152.9887,116513928
AAPL,2022-05-11 20:00:00,145.0576,143965104
AAPL,2022-05-12 20:00:00,141.1564,184221936
AAPL,2022-05-13 20:00:00,145.6616,115124360
AAPL,2022-05-16 20:00:00,144.107,87505352
AAPL,2022-05-17 20:00:00,147.7706,78915248
AAPL,2022-05-18 20:00:00,139.4335,110834160
AAPL,2022-05-19 20:00:00,135.9977,137214544
AAPL,2022-05-20 20:00:00,136.2353,138758832
AAPL,2022-05-23 20:00:00,141.7009,118896920
AAPL,2022-05-24 20:00:00,138.978,105168224
AAPL,2022-05-25 20:00:00,139.1364,93402336
AAPL,2022-05-26 20:00:00,142.3643,91502024
AAPL,2022-05-27 20:00:00,148.1667,92334232
AAPL,2022-05-31 20:00:00,147.3745,104749776
AAPL,2022-06-01 20:00:00,147.2458,75025328
AAPL,2022-06-02 20:00:00,149.7212,73067472
AAPL,2022-06-03 20:00:00,143.9486,89451024
AAPL,2022-06-06 20:00:00,144.7011,72310344
AAPL,2022-06-07 20:00:00,147.2458,68482424
AAPL,2022-06-08 20:00:00,146.5032,54486676
AAPL,2022-06-09 20:00:00,141.2356,70163808
AAPL,2022-06-10 20:00:00,135.7798,92477160
AAPL,2022-06-13 20:00:00,130.5815,123342528
AAPL,2022-06-14 20:00:00,131.4529,85627408
AAPL,2022-06-15 20:00:00,134.0966,92443168
AAPL,2022-06-16 20:00:00,128.7794,109035064
AAPL,2022-06-17 20:00:00,130.2647,135857936
AAPL,2022-06-21 20:00:00,134.5322,81805944
AAPL,2022-06-22 20:00:00,134.0173,74139208
AAPL,2022-06-23 20:00:00,136.9086,73154040
AAPL,2022-06-24 20:00:00,140.2652,89280896
AAPL,2022-06-27 20:00:00,140.2652,70906048
AAPL,2022-06-28 20:00:00,136.0868,67984704
AAPL,2022-06-29 20:00:00,137.8591,66901116
AAPL,2022-06-30 20:00:00,135.3739,99948560
AAPL,2022-07-01 20:00:00,137.5621,71758080
AAPL,2022-07-05 20:00:00,140.1662,74159816
AAPL,2022-07-06 20:00:00,141.5128,74800736
AAPL,2022-07-07 20:00:00,144.909,66912528
AAPL,2022-07-08 20:00:00,145.5923,65185412
AAPL,2022-07-11 20:00:00,143.4436,63934612
AAPL,2022-07-12 20:00:00,144.4239,78360288
AAPL,2022-07-13 20:00:00,144.0575,71893424
AAPL,2022-07-14 20:00:00,147.0082,78917768
AAPL,2022-07-15 20:00:00,148.6914,77018248
AAPL,2022-07-18 20:00:00,145.622,82190112
AAPL,2022-07-19 20:00:00,149.5133,83794096
AAPL,2022-07-20 20:00:00,151.5332,65468008
AAPL,2022-07-21 20:00:00,153.8204,65711428
AAPL,2022-07-22 20:00:00,152.5728,67338384
AAPL,2022-07-25 20:00:00,151.4441,54113544
AAPL,2022-07-26 20:00:00,150.1074,55646988
AAPL,2022-07-27 20:00:00,155.2463,79402480
AAPL,2022-07-28 20:00:00,155.8007,82187952
AAPL,2022-07-29 20:00:00,160.9099,102775688
AAPL,2022-08-01 20:00:00,159.9198,68452360
AAPL,2022-08-02 20:00:00,158.4345,60502732
AAPL,2022-08-03 20:00:00,164.4943,83327928
AAPL,2022-08-04 20:00:00,164.1774,56025772
AAPL,2022-08-05 20:00:00,163.9494,57181344
AAPL,2022-08-08 20:00:00,163.4735,60878008
AAPL,2022-08-09 20:00:00,163.523,63614352
AAPL,2022-08-10 20:00:00,167.8064,70770000
AAPL,2022-08-11 20:00:00,167.0628,57630272
AAPL,2022-08-12 20:00:00,170.6422,68620640
AAPL,2022-08-15 20:00:00,171.723,54553796
AAPL,2022-08-16 20:00:00,171.5643,56858676
AAPL,2022-08-17 20:00:00,173.0715,80221560
AAPL,2022-08-18 20:00:00,172.6748,62822216
AAPL,2022-08-19 20:00:00,170.0671,70937880
AAPL,2022-08-22 20:00:00,166.1506,69565064
AAPL,2022-08-23 20:00:00,165.8135,54609656
AAPL,2022-08-24 20:00:00,166.1109,54301488
AAPL,2022-08-25 20:00:00,168.5897,51655764
AAPL,2022-08-26 20:00:00,162.234,79635536
AAPL,2022-08-29 20:00:00,160.013,73940272
AAPL,2022-08-30 20:00:00,157.5639,78571744
AAPL,2022-08-31 20:00:00,155.8883,88742792
AAPL,2022-09-01 20:00:00,156.622,74864040
AAPL,2022-09-02 20:00:00,154.4902,77463936
AAPL,2022-09-06 20:00:00,153.221,74344584
AAPL,2022-09-07 20:00:00,154.6389,88039568
AAPL,2022-09-08 20:00:00,153.1516,85634824
AAPL,2022-09-09 20:00:00,156.037,68662616
AAPL,2022-09-12 20:00:00,162.0457,105852592
AAPL,2022-09-13 20:00:00,152.5369,123699360
AAPL,2022-09-14 20:00:00,153.9944,88686640
AAPL,2022-09-15 20:00:00,151.0793,91254088
AAPL,2022-09-16 20:00:00,149.4235,162315040
AAPL,2022-09-19 20:00:00,153.1715,82170272
AAPL,2022-09-20 20:00:00,155.571,108559360
AAPL,2022-09-21 20:00:00,152.4179,102565584
AAPL,2022-09-22 20:00:00,151.4462,87392808
AAPL,2022-09-23 20:00:00,149.1558,96850288
AAPL,2022-09-26 20:00:00,149.4929,94136800
AAPL,2022-09-27 20:00:00,150.4745,85002768
AAPL,2022-09-28 20:00:00,148.5708,147914304
AAPL,2022-09-29 20:00:00,141.2731,129232912
AAPL,2022-09-30 20:00:00,137.0294,125977376
AAPL,2022-10-03 20:00:00,141.2434,115288224
AAPL,2022-10-04 20:00:00,144.8624,88529968
AAPL,2022-10-05 20:00:00,145.1599,79947168
AAPL,2022-10-06 20:00:00,144.1981,68892224
AAPL,2022-10-07 20:00:00,138.9034,86659616
AAPL,2022-10-10 20:00:00,139.2306,75538864
AAPL,2022-10-11 20:00:00,137.8028,77659696
AAPL,2022-10-12 20:00:00,137.1682,70531184
AAPL,2022-10-13 20:00:00,141.7788,114323208
AAPL,2022-10-14 20:00:00,137.2078,89583648
AAPL,2022-10-17 20:00:00,141.2037,85978928
AAPL,2022-10-18 20:00:00,142.5324,99977496
AAPL,2022-10-19 20:00:00,142.6414,62274884
AAPL,2022-10-20 20:00:00,142.1754,65073240
AAPL,2022-10-21 20:00:00,146.0225,87405848
AAPL,2022-10-24 20:00:00,148.1841,76631032
AAPL,2022-10-25 20:00:00,151.0496,75370968
AAPL,2022-10-26 20:00:00,148.0849,89196752
AAPL,2022-10-27 20:00:00,143.5735,110011560
AAPL,2022-10-28 20:00:00,154.4208,166170592
AAPL,2022-10-31 20:00:00,152.0411,98885912
AAPL,2022-11-01 20:00:00,149.3739,81036392
AAPL,2022-11-02 20:00:00,143.8015,94383536
AAPL,2022-11-03 20:00:00,137.7036,93600848
AAPL,2022-11-04 20:00:00,137.4354,141608144
AAPL,2022-11-07 21:00:00,137.9718,83945536
AAPL,2022-11-08 21:00:00,138.5478,91034504
AAPL,2022-11-09 21:00:00,133.9494,75333488
AAPL,2022-11-10 21:00:00,145.8675,119741560
AAPL,2022-11-11 21:00:00,148.6782,94625656
AAPL,2022-11-14 21:00:00,147.2679,73798272
AAPL,2022-11-15 21:00:00,149.0159,90485968
AAPL,2022-11-16 21:00:00,147.7744,64659820
AAPL,2022-11-17 21:00:00,149.6912,80951736
AAPL,2022-11-18 21:00:00,150.2573,75344368
AAPL,2022-11-21 21:00:00,146.9997,58912008
AAPL,2022-11-22 21:00:00,149.1549,52131116
AAPL,2022-11-23 21:00:00,150.0388,58702636
AAPL,2022-11-25 21:00:00,147.099,35452472
AAPL,2022-11-28 21:00:00,143.2356,69542496
AAPL,2022-11-29 21:00:00,140.2064,78668880
AAPL,2022-11-30 21:00:00,147.0196,112505304
AAPL,2022-12-01 21:00:00,147.2977,71696312
AAPL,2022-12-02 21:00:00,146.8011,66037448
AAPL,2022-12-05 21:00:00,145.6291,69328664
AAPL,2022-12-06 21:00:00,141.9345,65162460
AAPL,2022-12-07 21:00:00,139.978,70173056
AAPL,2022-12-08 21:00:00,141.6763,62490164
AAPL,2022-12-09 21:00:00,141.1896,76621408
AAPL,2022-12-12 21:00:00,143.5037,70947336
AAPL,2022-12-13 21:00:00,144.4771,94621792
AAPL,2022-12-14 21:00:00,142.2325,83032816
AAPL,2022-12-15 21:00:00,135.5683,99824008
AAPL,2022-12-16 21:00:00,133.5919,161265872
AAPL,2022-12-19 21:00:00,131.4665,79809016
AAPL,2022-12-20 21:00:00,131.3969,78193488
AAPL,2022-12-21 21:00:00,134.5254,86632320
AAPL,2022-12-22 21:00:00,131.3274,78438144
AAPL,2022-12-23 21:00:00,130.96,64234744
AAPL,2022-12-27 21:00:00,129.1424,69885824
AAPL,2022-12-28 21:00:00,125.1797,86013384
AAPL,2022-12-29 21:00:00,128.7253,76089800
AAPL,2022-12-30 21:00:00,129.0431,77526400
AAPL,2023-01-03 21:00:00,124.2163,112812064
AAPL,2023-01-04 21:00:00,125.4975,89404424
AAPL,2023-01-05 21:00:00,124.1666,78737144
AAPL,2023-01-06 21:00:00,128.7352,88183448
AAPL,2023-01-09 21:00:00,129.2616,71248568
AAPL,2023-01-10 21:00:00,129.8377,64290616
AAPL,2023-01-11 21:00:00,132.5788,69931912
AAPL,2023-01-12 21:00:00,132.4994,71844800
AAPL,2023-01-13 21:00:00,133.8402,58171976
AAPL,2023-01-17 21:00:00,135.0121,22194352
AAPL,2023-01-18 21:00:00,134.2871,30634248
AAPL,2023-01-19 21:00:00,134.3467,58669360
AAPL,2023-01-20 21:00:00,136.9289,80631096
AAPL,2023-01-23 21:00:00,140.1468,82517624
AAPL,2023-01-24 21:00:00,141.5571,66785168
AAPL,2023-01-25 21:00:00,140.8917,66187088
AAPL,2023-01-26 21:00:00,142.9774,54416736
AAPL,2023-01-27 21:00:00,144.9339,70999528
AAPL,2023-01-30 21:00:00,142.0239,64421112
AAPL,2023-01-31 21:00:00,143.3051,66284936
AAPL,2023-02-01 21:00:00,144.4373,78059320
AAPL,2023-02-02 21:00:00,149.7905,118778656
AAPL,2023-02-03 21:00:00,153.4454,155379232
AAPL,2023-02-06 21:00:00,150.6943,70251424
AAPL,2023-02-07 21:00:00,153.5944,83895200
AAPL,2023-02-08 21:00:00,150.883,64275216
AAPL,2023-02-09 21:00:00,149.8402,56348704
AAPL,2023-02-10 21:00:00,150.2082,57840808
AAPL,2023-02-13 21:00:00,153.0332,62488052
AAPL,2023-02-14 21:00:00,152.3866,61987772
AAPL,2023-02-15 21:00:00,154.5053,65973600
AAPL,2023-02-16 21:00:00,152.8939,68491840
AAPL,2023-02-17 21:00:00,151.7401,59491864
AAPL,2023-02-21 21:00:00,147.6917,65191404
AAPL,2023-02-22 21:00:00,148.1194,51346804
AAPL,2023-02-23 21:00:00,148.6068,48629068
AAPL,2023-02-24 21:00:00,145.9311,55736056
AAPL,2023-02-27 21:00:00,147.1346,45205248
AAPL,2023-02-28 21:00:00,146.6273,50762160
AAPL,2023-03-01 21:00:00,144.5385,55724064
AAPL,2023-03-02 21:00:00,145.1353,52926484
AAPL,2023-03-03 21:00:00,150.2281,71073120
AAPL,2023-03-06 21:00:00,153.0133,87955784
AAPL,2023-03-07 21:00:00,150.7951,56451868
AAPL,2023-03-08 21:00:00,152.0584,47414952
AAPL,2023-03-09 21:00:00,149.7905,54068732
AAPL,2023-03-10 21:00:00,147.7116,68332904
AAPL,2023-03-13 20:00:00,149.6711,84084480
AAPL,2023-03-14 20:00:00,151.6356,72444536
AAPL,2023-03-15 20:00:00,152.1777,74162184
AAPL,2023-03-16 20:00:00,155.0225,74660432
AAPL,2023-03-17 20:00:00,154.177,99472768
AAPL,2023-03-20 20:00:00,156.5643,73099528
AAPL,2023-03-21 20:00:00,158.4343,73832640
AAPL,2023-03-22 20:00:00,156.992,69194104
AAPL,2023-03-23 20:00:00,158.0862,68173976
AAPL,2023-03-24 20:00:00,159.3992,57338308
AAPL,2023-03-27 20:00:00,157.3103,50495976
AAPL,2023-03-28 20:00:00,156.813,45533344
AAPL,2023-03-29 20:00:00,159.9164,49875224
AAPL,2023-03-30 20:00:00,161.498,46800936
AAPL,2023-03-31 20:00:00,164.0245,65227288
AAPL,2023-04-03 20:00:00,165.2131,54531296
AAPL,2023-04-04 20:00:00,164.7556,43642892
AAPL,2023-04-05 20:00:00,162.8905,51431176
AAPL,2023-04-06 20:00:00,163.7858,44487328
AAPL,2023-04-10 20:00:00,161.1697,46980824
AAPL,2023-04-11 20:00:00,159.9264,46090608
AAPL,2023-04-12 20:00:00,159.25,50400656
AAPL,2023-04-13 20:00:00,164.681,67117736
AAPL,2023-04-14 20:00:00,164.3328,47979936
AAPL,2023-04-17 20:00:00,164.3527,40722448
AAPL,2023-04-18 20:00:00,165.5861,48256716
AAPL,2023-04-19 20:00:00,166.74,47413192
AAPL,2023-04-20 20:00:00,165.7652,52257064
AAPL,2023-04-21 20:00:00,164.1438,56863536
AAPL,2023-04-24 20:00:00,164.4671,39154856
AAPL,2023-04-25 20:00:00,162.9005,47898652
AAPL,2023-04-26 20:00:00,162.8905,44190488
AAPL,2023-04-27 20:00:00,167.5158,63782368
AAPL,2023-04-28 20:00:00,168.7791,54086896
AAPL,2023-05-01 20:00:00,168.6896,49470424
AAPL,2023-05-02 20:00:00,167.6452,47969056
AAPL,2023-05-03 20:00:00,166.5609,58960936
AAPL,2023-05-04 20:00:00,164.9098,66415616
AAPL,2023-05-05 20:00:00,172.6485,112826160
AAPL,2023-05-08 20:00:00,172.5788,50996104
AAPL,2023-05-09 20:00:00,170.8908,45055096
AAPL,2023-05-10 20:00:00,172.6335,53423360
AAPL,2023-05-11 20:00:00,172.8275,49396236
AAPL,2023-05-12 20:00:00,171.8912,45280384
AAPL,2023-05-15 20:00:00,171.3932,37200172
AAPL,2023-05-16 20:00:00,171.3932,41855112
AAPL,2023-05-17 20:00:00,172.0107,57638232
AAPL,2023-05-18 20:00:00,174.3614,64984936
AAPL,2023-05-19 20:00:00,174.471,52298636
AAPL,2023-05-22 20:00:00,173.5745,43118824
AAPL,2023-05-23 20:00:00,170.8852,48338480
AAPL,2023-05-24 20:00:00,171.1641,42422632
AAPL,2023-05-25 20:00:00,172.3095,55884952
AAPL,2023-05-26 20:00:00,174.7399,55051520
AAPL,2023-05-30 20:00:00,176.6026,56184960
AAPL,2023-05-31 20:00:00,176.5528,100018712
AAPL,2023-06-01 20:00:00,179.3816,69173808
AAPL,2023-06-02 20:00:00,180.2382,62241680
AAPL,2023-06-05 20:00:00,178.8736,121227712
AAPL,2023-06-06 20:00:00,178.5051,63852256
AAPL,2023-06-07 20:00:00,177.1205,62189240
AAPL,2023-06-08 20:00:00,179.8597,50112696
AAPL,2023-06-09 20:00:00,180.2781,32546492
AAPL,2023-06-12 20:00:00,183.0671,53164384
AAPL,2023-06-13 20:00:00,182.5889,54075640
AAPL,2023-06-14 20:00:00,183.2264,55632728
AAPL,2023-06-15 20:00:00,185.2783,64618360
AAPL,2023-06-16 20:00:00,184.1926,88732848
AAPL,2023-06-20 20:00:00,184.2823,47710496
AAPL,2023-06-21 20:00:00,183.2364,48471700
AAPL,2023-06-22 20:00:00,186.2644,50640352
AAPL,2023-06-23 20:00:00,185.9457,51690272
AAPL,2023-06-26 20:00:00,184.5412,47228996
AAPL,2023-06-27 20:00:00,187.3203,49062888
AAPL,2023-06-28 20:00:00,188.5056,50126844
AAPL,2023-06-29 20:00:00,188.8442,44478156
AAPL,2023-06-30 20:00:00,193.207,81245616
AAPL,2023-07-03 20:00:00,191.703,31571102
AAPL,2023-07-05 20:00:00,190.5774,44606608
AAPL,2023-07-06 20:00:00,191.0555,44418692
AAPL,2023-07-07 20:00:00,189.93,46109704
AAPL,2023-07-10 20:00:00,187.8681,57908336
AAPL,2023-07-11 20:00:00,187.3402,46019528
AAPL,2023-07-12 20:00:00,189.1431,59578584
AAPL,2023-07-13 20:00:00,189.8104,40125292
AAPL,2023-07-14 20:00:00,189.9399,40409816
AAPL,2023-07-17 20:00:00,193.2269,49577616
AAPL,2023-07-18 20:00:00,192.8484,48383532
AAPL,2023-07-19 20:00:00,194.3326,77103088
AAPL,2023-07-20 20:00:00,192.3703,58776128
AAPL,2023-07-21 20:00:00,191.185,60218448
AAPL,2023-07-24 20:00:00,191.9918,44618440
AAPL,2023-07-25 20:00:00,192.8584,36798096
AAPL,2023-07-26 20:00:00,193.7349,45774628
AAPL,2023-07-27 20:00:00,192.46,46825168
AAPL,2023-07-28 20:00:00,195.0597,46431808
AAPL,2023-07-31 20:00:00,195.6773,38364280
AAPL,2023-08-01 20:00:00,194.8356,34653356
AAPL,2023-08-02 20:00:00,191.8225,46874960
AAPL,2023-08-03 20:00:00,190.418,50069984
AAPL,2023-08-04 20:00:00,181.2741,113674904
AAPL,2023-08-07 20:00:00,178.1465,95962192
AAPL,2023-08-08 20:00:00,179.0928,67657304
AAPL,2023-08-09 20:00:00,177.4891,57292332
AAPL,2023-08-10 20:00:00,177.27,52460300
AAPL,2023-08-11 20:00:00,177.3298,51830456
AAPL,2023-08-14 20:00:00,178.9955,43306088
AAPL,2023-08-15 20:00:00,176.9907,43215436
AAPL,2023-08-16 20:00:00,176.113,45246748
AAPL,2023-08-17 20:00:00,173.5496,60685584
AAPL,2023-08-18 20:00:00,174.0383,56721700
AAPL,2023-08-21 20:00:00,175.3848,44453560
AAPL,2023-08-22 20:00:00,176.7712,41260376
AAPL,2023-08-23 20:00:00,180.6512,50836640
AAPL,2023-08-24 20:00:00,175.9234,52745884
AAPL,2023-08-25 20:00:00,178.1477,48844916
AAPL,2023-08-28 20:00:00,179.7236,42240764
AAPL,2023-08-29 20:00:00,183.6434,51925644
AAPL,2023-08-30 20:00:00,187.1643,59961260
AAPL,2023-08-31 20:00:00,187.3837,54347936
AAPL,2023-09-01 20:00:00,188.9696,44698984
AAPL,2023-09-05 20:00:00,189.209,44616284
AAPL,2023-09-06 20:00:00,182.4365,80481880
AAPL,2023-09-07 20:00:00,177.1004,111341424
AAPL,2023-09-08 20:00:00,177.7188,65283592
AAPL,2023-09-11 20:00:00,178.8957,58288600
AAPL,2023-09-12 20:00:00,175.7539,89370624
AAPL,2023-09-13 20:00:00,173.7591,82147496
AAPL,2023-09-14 20:00:00,175.2851,60157608
AAPL,2023-09-15 20:00:00,174.547,102530832
AAPL,2023-09-18 20:00:00,177.5093,64870976
AAPL,2023-09-19 20:00:00,178.6065,51961440
AAPL,2023-09-20 20:00:00,175.0308,54999496
AAPL,2023-09-21 20:00:00,173.4798,61633932
AAPL,2023-09-22 20:00:00,174.3376,55942112
AAPL,2023-09-25 20:00:00,175.6242,45973816
AAPL,2023-09-26 20:00:00,171.5149,63827936
AAPL,2023-09-27 20:00:00,169.9888,65460912
AAPL,2023-09-28 20:00:00,170.2482,55510360
AAPL,2023-09-29 20:00:00,170.7668,50457376
AAPL,2023-10-02 20:00:00,173.3003,50324056
AAPL,2023-10-03 20:00:00,171.9537,48610628
AAPL,2023-10-04 20:00:00,173.2105,52021564
AAPL,2023-10-05 20:00:00,174.4573,48066704
AAPL,2023-10-06 20:00:00,177.0306,56053548
AAPL,2023-10-09 20:00:00,178.5267,42026032
AAPL,2023-10-10 20:00:00,177.9282,43519496
AAPL,2023-10-11 20:00:00,179.3346,46393976
AAPL,2023-10-12 20:00:00,180.2422,55626632
AAPL,2023-10-13 20:00:00,178.3871,50741344
AAPL,2023-10-16 20:00:00,178.2574,51725016
AAPL,2023-10-17 20:00:00,176.6915,57372092
AAPL,2023-10-18 20:00:00,175.3848,54232280
AAPL,2023-10-19 20:00:00,175.0058,57323228
AAPL,2023-10-20 20:00:00,172.4325,62179616
AAPL,2023-10-23 20:00:00,172.5522,55239696
AAPL,2023-10-24 20:00:00,172.9911,43143992
AAPL,2023-10-25 20:00:00,170.6422,56035256
AAPL,2023-10-26 20:00:00,166.468,68974416
AAPL,2023-10-27 20:00:00,167.7846,54894724
AAPL,2023-10-30 20:00:00,169.8492,49811688
AAPL,2023-10-31 20:00:00,170.328,42597180
AAPL,2023-11-01 20:00:00,173.5197,55294908
AAPL,2023-11-02 20:00:00,177.1104,65258208
AAPL,2023-11-03 20:00:00,176.1927,78886536
AAPL,2023-11-06 21:00:00,178.7661,63030616
AAPL,2023-11-07 21:00:00,181.3494,68634504
AAPL,2023-11-08 21:00:00,182.4166,48853544
AAPL,2023-11-09 21:00:00,181.9378,51798936
AAPL,2023-11-10 21:00:00,186.1624,63171568
AAPL,2023-11-13 21:00:00,184.5645,42794896
AAPL,2023-11-14 21:00:00,187.2011,59167000
AAPL,2023-11-15 21:00:00,187.7704,52968100
AAPL,2023-11-16 21:00:00,189.4682,53608792
AAPL,2023-11-17 21:00:00,189.4483,48699120
AAPL,2023-11-20 21:00:00,191.206,45867548
AAPL,2023-11-21 21:00:00,190.397,37771196
AAPL,2023-11-22 21:00:00,191.0662,38987880
AAPL,2023-11-24 21:00:00,189.7279,24131572
AAPL,2023-11-27 21:00:00,189.5481,40414324
AAPL,2023-11-28 21:00:00,190.1573,37483400
AAPL,2023-11-29 21:00:00,189.1287,37722984
AAPL,2023-11-30 21:00:00,189.668,46804792
AAPL,2023-12-01 21:00:00,190.9963,40791876
AAPL,2023-12-04 21:00:00,189.1886,43186812
AAPL,2023-12-05 21:00:00,193.1735,64571000
AAPL,2023-12-06 21:00:00,192.0749,40528936
AAPL,2023-12-07 21:00:00,194.0224,46069440
AAPL,2023-12-08 21:00:00,195.4606,50226692
AAPL,2023-12-11 21:00:00,192.9338,60421620
AAPL,2023-12-12 21:00:00,194.4619,48752616
AAPL,2023-12-13 21:00:00,197.7077,65745184
AAPL,2023-12-14 21:00:00,197.8575,64958024
AAPL,2023-12-15 21:00:00,197.3182,106987896
AAPL,2023-12-18 21:00:00,195.6404,54487068
AAPL,2023-12-19 21:00:00,196.689,39527020
AAPL,2023-12-20 21:00:00,194.5817,48622392
AAPL,2023-12-21 21:00:00,194.4319,43706192
AAPL,2023-12-22 21:00:00,193.3533,36715536
AAPL,2023-12-26 21:00:00,192.804,28705932
AAPL,2023-12-27 21:00:00,192.9438,47612272
AAPL,2023-12-28 21:00:00,193.3333,33735040
AAPL,2023-12-29 21:00:00,192.2846,40853052
AAPL,2024-01-02 21:00:00,185.4034,79062376
AAPL,2024-01-03 21:00:00,184.0152,54842496
AAPL,2024-01-04 21:00:00,181.7531,64779200
AAPL,2024-01-05 21:00:00,180.9491,61267204
AAPL,2024-01-08 21:00:00,185.3235,57627496
AAPL,2024-01-09 21:00:00,184.9041,42120864
AAPL,2024-01-10 21:00:00,185.9527,45562992
AAPL,2024-01-11 21:00:00,185.3535,48071868
AAPL,2024-01-12 21:00:00,185.6831,39714968
AAPL,2024-01-16 21:00:00,183.396,63378432
AAPL,2024-01-17 21:00:00,182.4472,46346556
AAPL,2024-01-18 21:00:00,188.3896,75867392
AAPL,2024-01-19 21:00:00,191.3159,66077240
AAPL,2024-01-22 21:00:00,193.6429,58540632
AAPL,2024-01-23 21:00:00,194.9313,41453672
AAPL,2024-01-24 21:00:00,194.2921,51495736
AAPL,2024-01-25 21:00:00,193.9225,54309064
AAPL,2024-01-26 21:00:00,191.9451,44119232
AAPL,2024-01-29 21:00:00,191.4857,46327960
AAPL,2024-01-30 21:00:00,187.8004,53554896
AAPL,2024-01-31 21:00:00,184.165,52304872
AAPL,2024-02-01 21:00:00,186.6219,50835536
AAPL,2024-02-02 21:00:00,185.6131,100186216
AAPL,2024-02-05 21:00:00,187.4408,68517600
AAPL,2024-02-06 21:00:00,189.0588,42424240
AAPL,2024-02-07 21:00:00,189.0687,50940248
AAPL,2024-02-08 21:00:00,188.08,39144996
AAPL,2024-02-09 21:00:00,188.85,43519300
AAPL,2024-02-12 21:00:00,187.15,40653892
AAPL,2024-02-13 21:00:00,185.04,53108744
AAPL,2024-02-14 21:00:00,184.15,54788712
AAPL,2024-02-15 21:00:00,183.86,60773536
AAPL,2024-02-16 21:00:00,182.12,46549244
AAPL,2024-02-20 21:00:00,181.56,47031672
AAPL,2024-02-21 21:00:00,182.32,37424020
AAPL,2024-02-22 21:00:00,184.37,51142376
AAPL,2024-02-23 21:00:00,182.52,43167336
AAPL,2024-02-26 21:00:00,181.16,40121248
AAPL,2024-02-27 21:00:00,182.63,52530640
AAPL,2024-02-28 21:00:00,181.42,48145860
AAPL,2024-02-29 21:00:00,180.74,123226208
AAPL,2024-03-01 21:00:00,179.66,71632584
AAPL,2024-03-04 21:00:00,175.1,78796568
AAPL,2024-03-05 21:00:00,170.12,92596160
AAPL,2024-03-06 21:00:00,169.12,65958012
AAPL,2024-03-07 21:00:00,169.0,68625608
AAPL,2024-03-08 21:00:00,170.73,75078608
AAPL,2024-03-11 20:00:00,172.75,58219552
AAPL,2024-03-12 20:00:00,173.24,57695552
AAPL,2024-03-13 20:00:00,171.16,51259140
AAPL,2024-03-14 20:00:00,173.0,71865136
AAPL,2024-03-15 20:00:00,172.62,107108376
AAPL,2024-03-18 20:00:00,173.72,74385840
AAPL,2024-03-19 20:00:00,176.08,53295056
AAPL,2024-03-20 20:00:00,178.655,51567088
AAPL,2024-03-21 20:00:00,171.29,103932664
AAPL,2024-03-22 20:00:00,172.28,68853016
AAPL,2024-03-25 20:00:00,170.85,52535872
AAPL,2024-03-26 20:00:00,169.71,55721252
AAPL,2024-03-27 20:00:00,173.31,57699120
AAPL,2024-03-28 20:00:00,171.41,60929000
AAPL,2024-04-01 20:00:00,170.03,43422024
AAPL,2024-04-02 20:00:00,168.84,46412848
AAPL,2024-04-03 20:00:00,169.65,45110116
AAPL,2024-04-04 20:00:00,168.89,52758416
AAPL,2024-04-05 20:00:00,169.58,41557808
AAPL,2024-04-08 20:00:00,168.45,36528940
AAPL,2024-04-09 20:00:00,169.67,41673716
AAPL,2024-04-10 20:00:00,167.78,48929048
AAPL,2024-04-11 20:00:00,175.04,88883384
AAPL,2024-04-12 20:00:00,176.55,100240704
AAPL,2024-04-15 20:00:00,172.69,71625952
AAPL,2024-04-16 20:00:00,169.38,70647672
AAPL,2024-04-17 20:00:00,168.0,48203500
AAPL,2024-04-18 20:00:00,167.04,39491048
AAPL,2024-04-19 20:00:00,165.0,65312508
AAPL,2024-04-22 20:00:00,165.84,46251728
GE,2022-01-03 21:00:00,74.5816,5963160.0
GE,2022-01-04 21:00:00,77.0072,9838104.0
GE,2022-01-05 21:00:00,77.0072,7606462.0
GE,2022-01-06 21:00:00,77.4567,5501498.0
GE,2022-01-07 21:00:00,78.5804,7998444.0
GE,2022-01-10 21:00:00,77.046,7443869.0
GE,2022-01-11 21:00:00,78.8826,7321574.0
GE,2022-01-12 21:00:00,79.2314,5882220.0
GE,2022-01-13 21:00:00,79.4018,5655185.0
GE,2022-01-14 21:00:00,79.9443,5652343.0
GE,2022-01-18 21:00:00,79.7351,10856114
GE,2022-01-19 21:00:00,77.9759,7353926.0
GE,2022-01-20 21:00:00,76.1393,7271979.0
GE,2022-01-21 21:00:00,74.6281,10423076
GE,2022-01-24 21:00:00,75.1008,12748433
GE,2022-01-25 21:00:00,70.6061,27036412
GE,2022-01-26 21:00:00,69.2189,13726169
GE,2022-01-27 21:00:00,69.6684,10071077
GE,2022-01-28 21:00:00,71.3733,8360026.0
GE,2022-01-31 21:00:00,73.2177,9034814.0
GE,2022-02-01 21:00:00,75.9068,10515733
GE,2022-02-02 21:00:00,75.9765,7176429.0
GE,2022-02-03 21:00:00,76.1935,8017610.0
GE,2022-02-04 21:00:00,76.7282,8263151.0
GE,2022-02-07 21:00:00,77.418,5659246.0
GE,2022-02-08 21:00:00,76.9607,6656330.0
GE,2022-02-09 21:00:00,76.9142,8547863.0
GE,2022-02-10 21:00:00,76.5578,7113855.0
GE,2022-02-11 21:00:00,75.0388,9620505.0
GE,2022-02-14 21:00:00,74.8606,8982175.0
GE,2022-02-15 21:00:00,78.2084,8642592.0
GE,2022-02-16 21:00:00,78.5881,6311431.0
GE,2022-02-17 21:00:00,76.302,5008064.0
GE,2022-02-18 21:00:00,71.8305,20187130
GE,2022-02-22 21:00:00,72.962,9928512.0
GE,2022-02-23 21:00:00,71.7995,9518653.0
GE,2022-02-24 21:00:00,71.7143,14700688
GE,2022-02-25 21:00:00,74.6824,8997283.0
GE,2022-02-28 21:00:00,74.0159,8154166.0
GE,2022-03-01 21:00:00,71.5516,8687555.0
GE,2022-03-02 21:00:00,72.9697,5733018.0
GE,2022-03-03 21:00:00,71.6445,5965439.0
GE,2022-03-04 21:00:00,69.0794,10892946
GE,2022-03-07 21:00:00,66.2251,9179561.0
GE,2022-03-08 21:00:00,68.3736,8840422.0
GE,2022-03-09 21:00:00,70.7781,8348903.0
GE,2022-03-10 21:00:00,70.8402,10462848
GE,2022-03-11 21:00:00,71.577,9110261.0
GE,2022-03-14 20:00:00,71.7089,7791679.0
GE,2022-03-15 20:00:00,71.6313,6578268.0
GE,2022-03-16 20:00:00,73.4541,7192228.0
GE,2022-03-17 20:00:00,74.0979,5608552.0
GE,2022-03-18 20:00:00,74.1444,9536034.0
GE,2022-03-21 20:00:00,73.5472,6906649.0
GE,2022-03-22 20:00:00,73.6092,6209253.0
GE,2022-03-23 20:00:00,72.6785,6308607.0
GE,2022-03-24 20:00:00,73.0042,6876562.0
GE,2022-03-25 20:00:00,72.9267,7414548.0
GE,2022-03-28 20:00:00,71.3599,9694327.0
GE,2022-03-29 20:00:00,73.4153,11080532
GE,2022-03-30 20:00:00,73.361,7263087.0
GE,2022-03-31 20:00:00,70.972,10604889
GE,2022-04-01 20:00:00,71.7399,7273041.0
GE,2022-04-04 20:00:00,71.3754,6628233.0
GE,2022-04-05 20:00:00,69.8861,8627295.0
GE,2022-04-06 20:00:00,69.7387,8478906.0
GE,2022-04-07 20:00:00,69.3897,9150002.0
GE,2022-04-08 20:00:00,69.6069,5179186.0
GE,2022-04-11 20:00:00,69.5526,6951982.0
GE,2022-04-12 20:00:00,69.8086,5815554.0
GE,2022-04-13 20:00:00,70.3903,5110292.0
GE,2022-04-14 20:00:00,70.4523,4936977.0
GE,2022-04-18 20:00:00,70.1188,5053757.0
GE,2022-04-19 20:00:00,71.2823,5939624.0
GE,2022-04-20 20:00:00,70.8945,5160224.0
GE,2022-04-21 20:00:00,71.1427,5803493.0
GE,2022-04-22 20:00:00,69.0872,6399724.0
GE,2022-04-25 20:00:00,69.7155,8900144.0
GE,2022-04-26 20:00:00,62.5097,37071952
GE,2022-04-27 20:00:00,60.6636,16235614
GE,2022-04-28 20:00:00,60.2913,15489613
GE,2022-04-29 20:00:00,57.8248,13395283
GE,2022-05-02 20:00:00,58.6004,14888565
GE,2022-05-03 20:00:00,60.237,10116597
GE,2022-05-04 20:00:00,62.3856,9654535.0
GE,2022-05-05 20:00:00,60.9584,9230185.0
GE,2022-05-06 20:00:00,60.6791,6915057.0
GE,2022-05-09 20:00:00,56.5992,9049334.0
GE,2022-05-10 20:00:00,56.8629,8814688.0
GE,2022-05-11 20:00:00,56.1881,10012201
GE,2022-05-12 20:00:00,56.8397,11120103
GE,2022-05-13 20:00:00,58.2126,6674324.0
GE,2022-05-16 20:00:00,57.8868,8394901.0
GE,2022-05-17 20:00:00,59.2597,5798159.0
GE,2022-05-18 20:00:00,58.3289,9106276.0
GE,2022-05-19 20:00:00,58.7478,8026394.0
GE,2022-05-20 20:00:00,58.3677,9464055.0
GE,2022-05-23 20:00:00,58.5306,6801206.0
GE,2022-05-24 20:00:00,57.8015,7902192.0
GE,2022-05-25 20:00:00,57.8092,9148410.0
GE,2022-05-26 20:00:00,59.7329,6047099.0
GE,2022-05-27 20:00:00,61.0902,6281052.0
GE,2022-05-31 20:00:00,60.7257,6692465.0
GE,2022-06-01 20:00:00,60.1284,7642631.0
GE,2022-06-02 20:00:00,60.5007,7949891.0
GE,2022-06-03 20:00:00,59.7018,6797885.0
GE,2022-06-06 20:00:00,59.7251,6116278.0
GE,2022-06-07 20:00:00,60.5007,6608403.0
GE,2022-06-08 20:00:00,59.8492,4352490.0
GE,2022-06-09 20:00:00,58.0032,6518085.0
GE,2022-06-10 20:00:00,55.2496,12358849
GE,2022-06-13 20:00:00,52.5271,12195421
GE,2022-06-14 20:00:00,52.783,6935760.0
GE,2022-06-15 20:00:00,53.5975,8495285.0
GE,2022-06-16 20:00:00,50.6422,11687391
GE,2022-06-17 20:00:00,51.1929,11606022
GE,2022-06-21 20:00:00,50.999,10413254
GE,2022-06-22 20:00:00,50.0605,12514216
GE,2022-06-23 20:00:00,49.6959,8707960.0
GE,2022-06-24 20:00:00,52.0306,12887598
GE,2022-06-27 20:00:00,51.8054,8754359.0
GE,2022-06-28 20:00:00,51.1609,9077223.0
GE,2022-06-29 20:00:00,49.4602,8895762.0
GE,2022-06-30 20:00:00,49.4446,11205516
GE,2022-07-01 20:00:00,49.3437,8822856.0
GE,2022-07-05 20:00:00,48.1711,10346576
GE,2022-07-06 20:00:00,47.8138,6299775.0
GE,2022-07-07 20:00:00,48.9243,8110925.0
GE,2022-07-08 20:00:00,49.1185,7975115.0
GE,2022-07-11 20:00:00,48.0779,6150555.0
GE,2022-07-12 20:00:00,48.9399,9369249.0
GE,2022-07-13 20:00:00,48.1555,5585163.0
GE,2022-07-14 20:00:00,47.4411,6561955.0
GE,2022-07-15 20:00:00,48.8156,7534597.0
GE,2022-07-18 20:00:00,49.4524,8510317.0
GE,2022-07-19 20:00:00,51.8287,8079292.0
GE,2022-07-20 20:00:00,52.7218,8828075.0
GE,2022-07-21 20:00:00,52.9082,7648435.0
GE,2022-07-22 20:00:00,52.9548,7227874.0
GE,2022-07-25 20:00:00,53.0868,7596297.0
GE,2022-07-26 20:00:00,55.533,23231560
GE,2022-07-27 20:00:00,55.5874,9282236.0
GE,2022-07-28 20:00:00,56.7988,14491763
GE,2022-07-29 20:00:00,57.3968,10212412
GE,2022-08-01 20:00:00,58.8645,11781426
GE,2022-08-02 20:00:00,57.7463,7453493.0
GE,2022-08-03 20:00:00,58.0413,7764645.0
GE,2022-08-04 20:00:00,57.2104,5569771.0
GE,2022-08-05 20:00:00,57.7463,5975229.0
GE,2022-08-08 20:00:00,58.383,7890747.0
GE,2022-08-09 20:00:00,58.1889,6082300.0
GE,2022-08-10 20:00:00,59.9051,13102067
GE,2022-08-11 20:00:00,61.2719,11679179
GE,2022-08-12 20:00:00,62.0718,6637447.0
GE,2022-08-15 20:00:00,61.9786,4386047.0
GE,2022-08-16 20:00:00,62.9571,7435843.0
GE,2022-08-17 20:00:00,62.064,5202668.0
GE,2022-08-18 20:00:00,61.5126,5151274.0
GE,2022-08-19 20:00:00,60.3555,4654629.0
GE,2022-08-22 20:00:00,58.0724,6532970.0
GE,2022-08-23 20:00:00,59.0975,6131279.0
GE,2022-08-24 20:00:00,59.5945,6136815.0
GE,2022-08-25 20:00:00,60.6817,6698303.0
GE,2022-08-26 20:00:00,58.4529,6922562.0
GE,2022-08-29 20:00:00,59.0587,6312853.0
GE,2022-08-30 20:00:00,58.3442,5524821.0
GE,2022-08-31 20:00:00,57.0318,8165302.0
GE,2022-09-01 20:00:00,56.7522,6419842.0
GE,2022-09-02 20:00:00,56.2475,5196738.0
GE,2022-09-06 20:00:00,56.0378,5192857.0
GE,2022-09-07 20:00:00,57.1405,4407894.0
GE,2022-09-08 20:00:00,57.2881,4661880.0
GE,2022-09-09 20:00:00,57.4977,8661530.0
GE,2022-09-12 20:00:00,58.4918,9355572.0
GE,2022-09-13 20:00:00,55.0127,9285370.0
GE,2022-09-14 20:00:00,54.3837,7997077.0
GE,2022-09-15 20:00:00,53.5139,6339919.0
GE,2022-09-16 20:00:00,51.5569,18268384
GE,2022-09-19 20:00:00,52.0695,6454228.0
GE,2022-09-20 20:00:00,51.7122,6722861.0
GE,2022-09-21 20:00:00,50.6483,8154823.0
GE,2022-09-22 20:00:00,50.7571,9102045.0
GE,2022-09-23 20:00:00,50.128,10529319
GE,2022-09-26 20:00:00,50.0347,13445748
GE,2022-09-27 20:00:00,50.128,10093425
GE,2022-09-28 20:00:00,50.1203,8562554.0
GE,2022-09-29 20:00:00,48.7751,11317327
GE,2022-09-30 20:00:00,48.1375,10183361
GE,2022-10-03 20:00:00,49.4516,6988478.0
GE,2022-10-04 20:00:00,52.5151,9968948.0
GE,2022-10-05 20:00:00,52.4373,7474260.0
GE,2022-10-06 20:00:00,51.4887,6372826.0
GE,2022-10-07 20:00:00,50.198,5493794.0
GE,2022-10-10 20:00:00,50.5246,4618912.0
GE,2022-10-11 20:00:00,49.7626,6811133.0
GE,2022-10-12 20:00:00,50.338,6889799.0
GE,2022-10-13 20:00:00,52.8261,10271362
GE,2022-10-14 20:00:00,52.5384,7298069.0
GE,2022-10-17 20:00:00,53.3626,6611992.0
GE,2022-10-18 20:00:00,54.9721,7857694.0
GE,2022-10-19 20:00:00,54.8399,6737226.0
GE,2022-10-20 20:00:00,54.4045,7700292.0
GE,2022-10-21 20:00:00,56.6205,8295133.0
GE,2022-10-24 20:00:00,57.0404,8748817.0
GE,2022-10-25 20:00:00,56.7605,12375629
GE,2022-10-26 20:00:00,58.6732,10403283
GE,2022-10-27 20:00:00,59.0931,8093569.0
GE,2022-10-28 20:00:00,60.9047,6929467.0
GE,2022-10-31 20:00:00,60.5004,8481462.0
GE,2022-11-01 20:00:00,60.8114,7350031.0
GE,2022-11-02 20:00:00,60.1816,8199100.0
GE,2022-11-03 20:00:00,60.9436,10790079
GE,2022-11-04 20:00:00,63.0352,9255112.0
GE,2022-11-07 21:00:00,64.8935,10307672
GE,2022-11-08 21:00:00,65.3134,8054575.0
GE,2022-11-09 21:00:00,64.6525,6378512.0
GE,2022-11-10 21:00:00,66.3864,11046488
GE,2022-11-11 21:00:00,67.1095,10007764
GE,2022-11-14 21:00:00,66.7363,6334693.0
GE,2022-11-15 21:00:00,67.7549,6340765.0
GE,2022-11-16 21:00:00,66.0132,6113093.0
GE,2022-11-17 21:00:00,66.3942,5985511.0
GE,2022-11-18 21:00:00,66.4642,5252675.0
GE,2022-11-21 21:00:00,66.7829,4202549.0
GE,2022-11-22 21:00:00,67.8793,5446576.0
GE,2022-11-23 21:00:00,68.3225,4701601.0
GE,2022-11-25 21:00:00,68.5324,2435983.0
GE,2022-11-28 21:00:00,66.4564,5509410.0
GE,2022-11-29 21:00:00,66.6041,5510326.0
GE,2022-11-30 21:00:00,66.8452,9333018.0
GE,2022-12-01 21:00:00,66.2931,5452326.0
GE,2022-12-02 21:00:00,67.5527,5761996.0
GE,2022-12-05 21:00:00,65.8266,6064531.0
GE,2022-12-06 21:00:00,66.3086,7566840.0
GE,2022-12-07 21:00:00,66.0909,6250369.0
GE,2022-12-08 21:00:00,65.0257,8279688.0
GE,2022-12-09 21:00:00,63.3307,7130613.0
GE,2022-12-12 21:00:00,64.6991,5993331.0
GE,2022-12-13 21:00:00,64.4426,9928675.0
GE,2022-12-14 21:00:00,63.4074,9884154.0
GE,2022-12-15 21:00:00,61.3372,12488200
GE,2022-12-16 21:00:00,60.4343,12790530
GE,2022-12-19 21:00:00,60.7534,5635622.0
GE,2022-12-20 21:00:00,62.5202,8962462.0
GE,2022-12-21 21:00:00,64.5826,9702775.0
GE,2022-12-22 21:00:00,63.6409,7788964.0
GE,2022-12-23 21:00:00,63.6565,4230658.0
GE,2022-12-27 21:00:00,64.4737,5704079.0
GE,2022-12-28 21:00:00,63.7966,4971486.0
GE,2022-12-29 21:00:00,65.1819,5674238.0
GE,2022-12-30 21:00:00,65.2131,5303043.0
GE,2023-01-03 21:00:00,66.1392,8225925.0
GE,2023-01-04 21:00:00,69.9888,16807150
GE,2023-01-05 21:00:00,71.0755,12180907
GE,2023-01-06 21:00:00,71.7236,10398468
GE,2023-01-09 21:00:00,72.4514,7593203.0
GE,2023-01-10 21:00:00,75.0436,9280385.0
GE,2023-01-11 21:00:00,77.4563,10223466
GE,2023-01-12 21:00:00,78.6228,11533130
GE,2023-01-13 21:00:00,79.9587,11080919
GE,2023-01-17 21:00:00,80.2479,4867890.0
GE,2023-01-18 21:00:00,79.0315,7719190.0
GE,2023-01-19 21:00:00,76.6288,10442757
GE,2023-01-20 21:00:00,77.4463,8284372.0
GE,2023-01-23 21:00:00,79.53,11058543
GE,2023-01-24 21:00:00,80.4572,13420034
GE,2023-01-25 21:00:00,80.547,8526243.0
GE,2023-01-26 21:00:00,80.8959,6530374.0
GE,2023-01-27 21:00:00,82.9796,7813900.0
GE,2023-01-30 21:00:00,80.5868,5741166.0
GE,2023-01-31 21:00:00,80.2379,6903423.0
GE,2023-02-01 21:00:00,82.0724,7293885.0
GE,2023-02-02 21:00:00,83.6875,8919543.0
GE,2023-02-03 21:00:00,81.7134,5795567.0
GE,2023-02-06 21:00:00,82.1023,4342759.0
GE,2023-02-07 21:00:00,81.863,4706813.0
GE,2023-02-08 21:00:00,81.7134,3417824.0
GE,2023-02-09 21:00:00,80.547,3873165.0
GE,2023-02-10 21:00:00,81.0455,3500711.0
GE,2023-02-13 21:00:00,82.4313,4093400.0
GE,2023-02-14 21:00:00,83.2887,5384656.0
GE,2023-02-15 21:00:00,84.515,5848775.0
GE,2023-02-16 21:00:00,83.7971,4518985.0
GE,2023-02-17 21:00:00,82.7902,4437606.0
GE,2023-02-21 21:00:00,82.0125,4083996.0
GE,2023-02-22 21:00:00,82.9397,8659894.0
GE,2023-02-23 21:00:00,82.6905,8101393.0
GE,2023-02-24 21:00:00,83.2987,6967849.0
GE,2023-02-27 21:00:00,83.5878,6409199.0
GE,2023-02-28 21:00:00,84.4552,9157737.0
GE,2023-03-01 21:00:00,83.8869,6013907.0
GE,2023-03-02 21:00:00,85.4621,6841561.0
GE,2023-03-03 21:00:00,86.1201,7695801.0
GE,2023-03-06 21:00:00,86.8786,6464883.0
GE,2023-03-07 21:00:00,86.21,6909582.0
GE,2023-03-08 21:00:00,86.7987,6076481.0
GE,2023-03-09 21:00:00,91.3692,28647112
GE,2023-03-10 21:00:00,90.8103,18238908
GE,2023-03-13 20:00:00,88.7846,11275370
GE,2023-03-14 20:00:00,90.98,11351119
GE,2023-03-15 20:00:00,89.5729,11788074
GE,2023-03-16 20:00:00,91.7783,8093269.0
GE,2023-03-17 20:00:00,90.1018,10107613
GE,2023-03-20 20:00:00,89.7326,6962068.0
GE,2023-03-21 20:00:00,91.9879,6805998.0
GE,2023-03-22 20:00:00,89.4033,6939054.0
GE,2023-03-23 20:00:00,91.3991,8619990.0
GE,2023-03-24 20:00:00,91.1796,6643634.0
GE,2023-03-27 20:00:00,93.1155,5979618.0
GE,2023-03-28 20:00:00,92.9459,3997275.0
GE,2023-03-29 20:00:00,93.864,4859417.0
GE,2023-03-30 20:00:00,93.854,5263539.0
GE,2023-03-31 20:00:00,95.4008,7288176.0
GE,2023-04-03 20:00:00,96.718,4913344.0
GE,2023-04-04 20:00:00,94.8519,6828145.0
GE,2023-04-05 20:00:00,94.0536,8610776.0
GE,2023-04-06 20:00:00,93.4049,6404443.0
GE,2023-04-10 20:00:00,94.1633,5940064.0
GE,2023-04-11 20:00:00,93.7143,5308994.0
GE,2023-04-12 20:00:00,93.9039,7012361.0
GE,2023-04-13 20:00:00,94.1035,8588584.0
GE,2023-04-14 20:00:00,95.2411,5699530.0
GE,2023-04-17 20:00:00,96.5683,6039433.0
GE,2023-04-18 20:00:00,98.2648,7016965.0
GE,2023-04-19 20:00:00,98.8236,5623582.0
GE,2023-04-20 20:00:00,99.5521,6914131.0
GE,2023-04-21 20:00:00,99.3026,4084602.0
GE,2023-04-24 20:00:00,99.9413,6242631.0
GE,2023-04-25 20:00:00,98.2348,9237322.0
GE,2023-04-26 20:00:00,96.0095,6385005.0
GE,2023-04-27 20:00:00,97.8556,7442633.0
GE,2023-04-28 20:00:00,98.7637,5014967.0
GE,2023-05-01 20:00:00,100.9691,5898079.0
GE,2023-05-02 20:00:00,101.2984,5970475.0
GE,2023-05-03 20:00:00,101.5579,4719716.0
GE,2023-05-04 20:00:00,99.113,7209910.0
GE,2023-05-05 20:00:00,100.0311,5007290.0
GE,2023-05-08 20:00:00,100.7097,3301695.0
GE,2023-05-09 20:00:00,100.7895,4794499.0
GE,2023-05-10 20:00:00,99.3325,4034003.0
GE,2023-05-11 20:00:00,99.3026,4086584.0
GE,2023-05-12 20:00:00,98.5941,3458419.0
GE,2023-05-15 20:00:00,101.7874,6384674.0
GE,2023-05-16 20:00:00,100.9192,4304306.0
GE,2023-05-17 20:00:00,103.2544,5425348.0
GE,2023-05-18 20:00:00,103.7932,4602375.0
GE,2023-05-19 20:00:00,104.0427,5668571.0
GE,2023-05-22 20:00:00,104.3321,3935039.0
GE,2023-05-23 20:00:00,101.488,4566893.0
GE,2023-05-24 20:00:00,100.7695,5001392.0
GE,2023-05-25 20:00:00,101.3084,5251067.0
GE,2023-05-26 20:00:00,102.5259,5435539.0
GE,2023-05-30 20:00:00,102.1866,5676917.0
GE,2023-05-31 20:00:00,101.3184,10683732
GE,2023-06-01 20:00:00,104.4519,6235701.0
GE,2023-06-02 20:00:00,105.5795,5980128.0
GE,2023-06-05 20:00:00,103.883,4393753.0
GE,2023-06-06 20:00:00,105.2402,6228178.0
GE,2023-06-07 20:00:00,105.8589,7294589.0
GE,2023-06-08 20:00:00,105.8489,3511301.0
GE,2023-06-09 20:00:00,106.0785,2181959.0
GE,2023-06-12 20:00:00,106.0086,3731420.0
GE,2023-06-13 20:00:00,106.5175,4267596.0
GE,2023-06-14 20:00:00,104.4818,5122962.0
GE,2023-06-15 20:00:00,105.1903,6626540.0
GE,2023-06-16 20:00:00,106.0685,10499022
GE,2023-06-20 20:00:00,103.8032,6426815.0
GE,2023-06-21 20:00:00,104.8311,4623519.0
GE,2023-06-22 20:00:00,104.6015,4220881.0
GE,2023-06-23 20:00:00,103.5637,5917449.0
GE,2023-06-26 20:00:00,104.2323,4159473.0
GE,2023-06-27 20:00:00,104.7013,4760971.0
GE,2023-06-28 20:00:00,106.8269,4809113.0
GE,2023-06-29 20:00:00,107.5155,3234532.0
GE,2023-06-30 20:00:00,109.6211,7384502.0
GE,2023-07-03 20:00:00,108.0543,2977832.0
GE,2023-07-05 20:00:00,108.4236,3653894.0
GE,2023-07-07 20:00:00,108.0443,3871367.0
GE,2023-07-10 20:00:00,110.3812,4615758.0
GE,2023-07-11 20:00:00,111.0703,3791677.0
GE,2023-07-12 20:00:00,111.0503,4311341.0
GE,2023-07-13 20:00:00,111.1302,2772764.0
GE,2023-07-14 20:00:00,110.1315,2683811.0
GE,2023-07-17 20:00:00,110.9904,3624415.0
GE,2023-07-18 20:00:00,110.9105,3561327.0
GE,2023-07-19 20:00:00,109.7421,4459175.0
GE,2023-07-20 20:00:00,111.0902,4117338.0
GE,2023-07-21 20:00:00,110.1815,8285929.0
GE,2023-07-24 20:00:00,110.1016,5313932.0
GE,2023-07-25 20:00:00,117.0023,16961844
GE,2023-07-26 20:00:00,114.5656,7541045.0
GE,2023-07-27 20:00:00,115.2646,6179650.0
GE,2023-07-28 20:00:00,114.236,4462594.0
GE,2023-07-31 20:00:00,114.0862,4121947.0
GE,2023-08-01 20:00:00,113.0676,4904536.0
GE,2023-08-02 20:00:00,111.8193,4295707.0
GE,2023-08-03 20:00:00,112.2087,3452879.0
GE,2023-08-04 20:00:00,112.9078,4841428.0
GE,2023-08-07 20:00:00,114.5755,3302216.0
GE,2023-08-08 20:00:00,113.3971,3782176.0
GE,2023-08-09 20:00:00,112.019,3066268.0
GE,2023-08-10 20:00:00,113.4171,4656559.0
GE,2023-08-11 20:00:00,114.4457,3498478.0
GE,2023-08-14 20:00:00,115.3944,4058508.0
GE,2023-08-15 20:00:00,113.6967,3413606.0
GE,2023-08-16 20:00:00,113.4171,3679510.0
GE,2023-08-17 20:00:00,110.8106,4525723.0
GE,2023-08-18 20:00:00,111.6395,4494749.0
GE,2023-08-21 20:00:00,111.8692,2919834.0
GE,2023-08-22 20:00:00,111.5097,2642592.0
GE,2023-08-23 20:00:00,113.3172,2835804.0
GE,2023-08-24 20:00:00,110.8905,3362765.0
GE,2023-08-25 20:00:00,111.8193,3114251.0
GE,2023-08-28 20:00:00,113.8066,2804766.0
GE,2023-08-29 20:00:00,115.1747,4557214.0
GE,2023-08-30 20:00:00,114.1561,4862390.0
GE,2023-08-31 20:00:00,114.3059,4165997.0
GE,2023-09-01 20:00:00,114.0862,3177697.0
GE,2023-09-05 20:00:00,112.728,3516777.0
GE,2023-09-06 20:00:00,112.5283,4008480.0
GE,2023-09-07 20:00:00,111.6395,3287619.0
GE,2023-09-08 20:00:00,111.5696,2522331.0
GE,2023-09-11 20:00:00,114.1062,4210553.0
GE,2023-09-12 20:00:00,114.8452,4200245.0
GE,2023-09-13 20:00:00,113.4471,2800712.0
GE,2023-09-14 20:00:00,115.4943,5301285.0
GE,2023-09-15 20:00:00,115.3345,6657650.0
GE,2023-09-18 20:00:00,116.4131,3752630.0
GE,2023-09-19 20:00:00,116.0536,3102823.0
GE,2023-09-20 20:00:00,114.6954,4077907.0
GE,2023-09-21 20:00:00,112.8379,4599278.0
GE,2023-09-22 20:00:00,111.1002,4969591.0
GE,2023-09-25 20:00:00,111.6499,3786003.0
GE,2023-09-26 20:00:00,109.861,4666892.0
GE,2023-09-27 20:00:00,110.8204,4699372.0
GE,2023-09-28 20:00:00,112.2695,4358331.0
GE,2023-09-29 20:00:00,110.4806,3890542.0
GE,2023-10-02 20:00:00,108.7217,4290927.0
GE,2023-10-03 20:00:00,107.6924,8706898.0
GE,2023-10-04 20:00:00,108.7817,3883214.0
GE,2023-10-05 20:00:00,108.6518,3843623.0
GE,2023-10-06 20:00:00,111.4,4206980.0
GE,2023-10-09 20:00:00,110.1908,4324456.0
GE,2023-10-10 20:00:00,111.41,4447155.0
GE,2023-10-11 20:00:00,113.1889,2846711.0
GE,2023-10-12 20:00:00,111.2601,3008506.0
GE,2023-10-13 20:00:00,109.3114,3612493.0
GE,2023-10-16 20:00:00,109.0715,4446166.0
GE,2023-10-17 20:00:00,109.951,3893767.0
GE,2023-10-18 20:00:00,107.5025,4815846.0
GE,2023-10-19 20:00:00,106.8829,4008385.0
GE,2023-10-20 20:00:00,106.0134,7671668.0
GE,2023-10-23 20:00:00,106.623,5792624.0
GE,2023-10-24 20:00:00,113.5487,12621268
GE,2023-10-25 20:00:00,111.1302,6515949.0
GE,2023-10-26 20:00:00,108.7317,7305515.0
GE,2023-10-27 20:00:00,106.2833,5291125.0
GE,2023-10-30 20:00:00,109.7411,4381177.0
GE,2023-10-31 20:00:00,108.5618,5061940.0
GE,2023-11-01 20:00:00,107.1827,10081379
GE,2023-11-02 20:00:00,107.7124,7411471.0
GE,2023-11-03 20:00:00,108.8516,5532014.0
GE,2023-11-06 21:00:00,111.7098,4876547.0
GE,2023-11-07 21:00:00,111.7298,4178864.0
GE,2023-11-08 21:00:00,113.7785,4827036.0
GE,2023-11-09 21:00:00,113.019,4617722.0
GE,2023-11-10 21:00:00,115.1977,3486855.0
GE,2023-11-13 21:00:00,115.4475,4458747.0
GE,2023-11-14 21:00:00,117.1764,4680869.0
GE,2023-11-15 21:00:00,116.227,4002561.0
GE,2023-11-16 21:00:00,118.8654,4641425.0
GE,2023-11-17 21:00:00,119.8547,4087693.0
GE,2023-11-20 21:00:00,119.9946,4030607.0
GE,2023-11-21 21:00:00,119.8148,2696259.0
GE,2023-11-22 21:00:00,119.5249,2991879.0
GE,2023-11-24 21:00:00,119.8947,1582532.0
GE,2023-11-27 21:00:00,119.8947,3181902.0
GE,2023-11-28 21:00:00,118.7754,3491572.0
GE,2023-11-29 21:00:00,118.7854,3028042.0
GE,2023-11-30 21:00:00,121.7236,8039579.0
GE,2023-12-01 21:00:00,122.4231,4501550.0
GE,2023-12-04 21:00:00,121.4537,3770805.0
GE,2023-12-05 21:00:00,120.1545,2928251.0
GE,2023-12-06 21:00:00,119.7348,3161188.0
GE,2023-12-07 21:00:00,119.405,3877553.0
GE,2023-12-08 21:00:00,120.5143,3931417.0
GE,2023-12-11 21:00:00,120.2045,3553978.0
GE,2023-12-12 21:00:00,122.2432,3671329.0
GE,2023-12-13 21:00:00,121.1039,4108037.0
GE,2023-12-14 21:00:00,121.2738,8317155.0
GE,2023-12-15 21:00:00,123.1527,9809386.0
GE,2023-12-18 21:00:00,123.5624,4106533.0
GE,2023-12-19 21:00:00,125.861,4746957.0
GE,2023-12-20 21:00:00,123.2926,4895684.0
GE,2023-12-21 21:00:00,126.8903,4101792.0
GE,2023-12-22 21:00:00,126.6105,2966551.0
GE,2023-12-26 21:00:00,127.39,1961971.0
GE,2023-12-27 21:00:00,128.2,2631343.0
GE,2023-12-28 21:00:00,128.32,3148524.0
GE,2023-12-29 21:00:00,127.63,3533186.0
GE,2024-01-02 21:00:00,125.95,4137902.0
GE,2024-01-03 21:00:00,124.06,3364747.0
GE,2024-01-04 21:00:00,124.66,3433300.0
GE,2024-01-05 21:00:00,126.29,3340532.0
GE,2024-01-08 21:00:00,128.28,5521162.0
GE,2024-01-09 21:00:00,128.78,3839878.0
GE,2024-01-10 21:00:00,129.7,3636374.0
GE,2024-01-11 21:00:00,129.83,3996583.0
GE,2024-01-12 21:00:00,129.79,4490151.0
GE,2024-01-16 21:00:00,127.97,5031627.0
GE,2024-01-17 21:00:00,126.88,4000197.0
GE,2024-01-18 21:00:00,128.55,5175923.0
GE,2024-01-19 21:00:00,129.81,4898954.0
GE,2024-01-22 21:00:00,131.23,7963537.0
GE,2024-01-23 21:00:00,129.95,10148716
GE,2024-01-24 21:00:00,129.93,8261348.0
GE,2024-01-25 21:00:00,129.93,4592859.0
GE,2024-01-26 21:00:00,131.19,3698925.0
GE,2024-01-29 21:00:00,131.1,4759371.0
GE,2024-01-30 21:00:00,133.93,6272007.0
GE,2024-01-31 21:00:00,132.42,4984767.0
GE,2024-02-01 21:00:00,135.41,4875161.0
GE,2024-02-02 21:00:00,136.54,4815180.0
GE,2024-02-05 21:00:00,137.71,5575416.0
GE,2024-02-06 21:00:00,137.58,4800929.0
GE,2024-02-07 21:00:00,138.5,4553145.0
GE,2024-02-08 21:00:00,139.05,3440661.0
GE,2024-02-09 21:00:00,139.28,3388537.0
GE,2024-02-12 21:00:00,140.17,3330434.0
GE,2024-02-13 21:00:00,141.77,6848908.0
GE,2024-02-14 21:00:00,146.5,10467749
GE,2024-02-15 21:00:00,148.37,6860259.0
GE,2024-02-16 21:00:00,149.16,6711589.0
GE,2024-02-20 21:00:00,148.62,5644124.0
GE,2024-02-21 21:00:00,149.07,4195345.0
GE,2024-02-22 21:00:00,151.67,4526871.0
GE,2024-02-23 21:00:00,153.33,5100647.0
GE,2024-02-26 21:00:00,154.77,5549020.0
GE,2024-02-27 21:00:00,153.99,5734194.0
GE,2024-02-28 21:00:00,155.61,5737488.0
GE,2024-02-29 21:00:00,156.89,6377253.0
GE,2024-03-01 21:00:00,158.65,6879231.0
GE,2024-03-04 21:00:00,161.01,6700850.0
GE,2024-03-05 21:00:00,157.86,6327549.0
GE,2024-03-06 21:00:00,159.5,6471324.0
GE,2024-03-07 21:00:00,166.5,11234597
GE,2024-03-08 21:00:00,167.96,16876048
GE,2024-03-11 20:00:00,166.56,7325544.0
GE,2024-03-12 20:00:00,167.46,5264450.0
GE,2024-03-13 20:00:00,170.16,6750075.0
GE,2024-03-14 20:00:00,166.75,7530400.0
GE,2024-03-15 20:00:00,168.89,10566759
GE,2024-03-18 20:00:00,169.91,4960093.0
GE,2024-03-19 20:00:00,173.46,7462613.0
GE,2024-03-20 20:00:00,173.93,5747702.0
GE,2024-03-21 20:00:00,176.64,6285387.0
GE,2024-03-22 20:00:00,175.15,5450293.0
GE,2024-03-25 20:00:00,173.49,5014959.0
GE,2024-03-26 20:00:00,173.55,4030580.0
GE,2024-03-27 20:00:00,180.12,10012015
GE,2024-03-28 20:00:00,175.53,9644089.0
GE,2024-04-01 20:00:00,175.36,5833491.0
GE,2024-04-02 20:00:00,136.47,20465452
GE,2024-04-03 20:00:00,145.62,16178678
GE,2024-04-04 20:00:00,147.39,11948888
GE,2024-04-05 20:00:00,156.3,14730817
GE,2024-04-08 20:00:00,156.52,9567259.0
GE,2024-04-09 20:00:00,154.49,8715263.0
GE,2024-04-10 20:00:00,156.61,8063925.0
GE,2024-04-11 20:00:00,157.68,5990228.0
GE,2024-04-12 20:00:00,154.63,6686441.0
GE,2024-04-15 20:00:00,153.7,6306454.0
GE,2024-04-16 20:00:00,156.76,5825540.0
GE,2024-04-17 20:00:00,155.67,6243849.0
GE,2024-04-18 20:00:00,152.94,5767669.0
GE,2024-04-19 20:00:00,148.06,9343236.0
GE,2024-04-22 20:00:00,150.19,6940908.0
NVDA,2022-01-03 21:00:00,300.7951,39294416
NVDA,2022-01-04 21:00:00,292.4966,52788148
NVDA,2022-01-05 21:00:00,275.6598,49875084
NVDA,2022-01-06 21:00:00,281.3919,45481280
NVDA,2022-01-07 21:00:00,272.0947,41050392
NVDA,2022-01-10 21:00:00,273.6226,59543572
NVDA,2022-01-11 21:00:00,277.7869,40464664
NVDA,2022-01-12 21:00:00,279.6044,38394228
NVDA,2022-01-13 21:00:00,265.384,53932160
NVDA,2022-01-14 21:00:00,269.0489,39637828
NVDA,2022-01-18 21:00:00,258.6732,42589276
NVDA,2022-01-19 21:00:00,250.3247,48898800
NVDA,2022-01-20 21:00:00,241.1674,43578096
NVDA,2022-01-21 21:00:00,233.4181,71994944
NVDA,2022-01-24 21:00:00,233.3981,91707376
NVDA,2022-01-25 21:00:00,222.9325,66550064
NVDA,2022-01-26 21:00:00,227.4064,75700136
NVDA,2022-01-27 21:00:00,219.1378,57400332
NVDA,2022-01-28 21:00:00,228.0854,54428892
NVDA,2022-01-31 21:00:00,244.5227,56495784
NVDA,2022-02-01 21:00:00,246.0406,51962736
NVDA,2022-02-02 21:00:00,252.0723,54316752
NVDA,2022-02-03 21:00:00,239.1502,41074352
NVDA,2022-02-04 21:00:00,242.855,35531792
NVDA,2022-02-07 21:00:00,246.9394,37738728
NVDA,2022-02-08 21:00:00,250.7342,41092464
NVDA,2022-02-09 21:00:00,266.6822,52500476
NVDA,2022-02-10 21:00:00,257.8843,51390756
NVDA,2022-02-11 21:00:00,239.1601,60447756
NVDA,2022-02-14 21:00:00,242.3358,44083408
NVDA,2022-02-15 21:00:00,264.5851,70272072
NVDA,2022-02-16 21:00:00,264.7449,73363432
NVDA,2022-02-17 21:00:00,244.7325,81171312
NVDA,2022-02-18 21:00:00,236.0944,75829936
NVDA,2022-02-22 21:00:00,233.5778,63410584
NVDA,2022-02-23 21:00:00,223.5617,56729212
NVDA,2022-02-24 21:00:00,237.1529,73678848
NVDA,2022-02-25 21:00:00,241.2373,52959496
NVDA,2022-02-28 21:00:00,243.5141,47797696
NVDA,2022-03-01 21:00:00,234.4466,41262432
NVDA,2022-03-02 21:00:00,241.9076,39011280
NVDA,2022-03-03 21:00:00,236.8537,36548000
NVDA,2022-03-04 21:00:00,229.0831,43253284
NVDA,2022-03-07 21:00:00,213.2622,45136576
NVDA,2022-03-08 21:00:00,214.8803,55814096
NVDA,2022-03-09 21:00:00,229.8622,49333748
NVDA,2022-03-10 21:00:00,226.3065,42858304
NVDA,2022-03-11 21:00:00,220.7332,36740208
NVDA,2022-03-14 20:00:00,213.0425,38582000
NVDA,2022-03-15 20:00:00,229.4527,49259032
NVDA,2022-03-16 20:00:00,244.6643,66797112
NVDA,2022-03-17 20:00:00,247.361,47251160
NVDA,2022-03-18 20:00:00,264.2107,73122128
NVDA,2022-03-21 20:00:00,267.0173,59191812
NVDA,2022-03-22 20:00:00,264.9198,54766824
NVDA,2022-03-23 20:00:00,256.0306,50272672
NVDA,2022-03-24 20:00:00,281.1602,87843960
NVDA,2022-03-25 20:00:00,276.5857,57971600
NVDA,2022-03-28 20:00:00,281.8493,42600820
NVDA,2022-03-29 20:00:00,286.2141,48907480
NVDA,2022-03-30 20:00:00,276.5657,46404732
NVDA,2022-03-31 20:00:00,272.5306,52402280
NVDA,2022-04-01 20:00:00,266.7975,51786024
NVDA,2022-04-04 20:00:00,273.2697,39818848
NVDA,2022-04-05 20:00:00,258.997,43707112
NVDA,2022-04-06 20:00:00,243.7754,70160848
NVDA,2022-04-07 20:00:00,241.7878,55866676
NVDA,2022-04-08 20:00:00,230.9109,52541492
NVDA,2022-04-11 20:00:00,218.9054,57552912
NVDA,2022-04-12 20:00:00,214.7804,65851300
NVDA,2022-04-13 20:00:00,221.762,51729792
NVDA,2022-04-14 20:00:00,212.3234,56978468
NVDA,2022-04-18 20:00:00,217.567,52633600
NVDA,2022-04-19 20:00:00,221.712,51332624
NVDA,2022-04-20 20:00:00,214.5607,46954128
NVDA,2022-04-21 20:00:00,201.5864,65689644
NVDA,2022-04-22 20:00:00,194.9144,62491780
NVDA,2022-04-25 20:00:00,198.7797,64225352
NVDA,2022-04-26 20:00:00,187.6532,65393192
NVDA,2022-04-27 20:00:00,183.9277,50006384
NVDA,2022-04-28 20:00:00,197.5812,57101604
NVDA,2022-04-29 20:00:00,185.2461,50103976
NVDA,2022-05-02 20:00:00,195.0942,57274008
NVDA,2022-05-03 20:00:00,195.7834,47632584
NVDA,2022-05-04 20:00:00,203.0945,64963888
NVDA,2022-05-05 20:00:00,188.2125,62658780
NVDA,2022-05-06 20:00:00,186.5246,62879580
NVDA,2022-05-09 20:00:00,169.2954,64523344
NVDA,2022-05-10 20:00:00,175.7376,75231048
NVDA,2022-05-11 20:00:00,166.0992,67052084
NVDA,2022-05-12 20:00:00,161.5547,70949488
NVDA,2022-05-13 20:00:00,176.8463,67104656
NVDA,2022-05-16 20:00:00,172.4316,52207624
NVDA,2022-05-17 20:00:00,181.5506,58653776
NVDA,2022-05-18 20:00:00,169.1755,54581996
NVDA,2022-05-19 20:00:00,171.0333,62206052
NVDA,2022-05-20 20:00:00,166.7385,73999856
NVDA,2022-05-23 20:00:00,168.776,64066208
NVDA,2022-05-24 20:00:00,161.345,58926136
NVDA,2022-05-25 20:00:00,169.5451,78074240
NVDA,2022-05-26 20:00:00,178.2945,99732848
NVDA,2022-05-27 20:00:00,187.8829,73927256
NVDA,2022-05-31 20:00:00,186.4946,66490216
NVDA,2022-06-01 20:00:00,182.9788,54517200
NVDA,2022-06-02 20:00:00,195.6835,64943980
NVDA,2022-06-03 20:00:00,186.974,59937824
NVDA,2022-06-06 20:00:00,187.6332,42291668
NVDA,2022-06-07 20:00:00,189.0315,38938416
NVDA,2022-06-08 20:00:00,186.2943,36361464
NVDA,2022-06-09 20:00:00,180.3002,39586808
NVDA,2022-06-10 20:00:00,169.5709,46611392
NVDA,2022-06-13 20:00:00,156.3142,60475576
NVDA,2022-06-14 20:00:00,158.2023,47000264
NVDA,2022-06-15 20:00:00,165.1054,56449792
NVDA,2022-06-16 20:00:00,155.8546,54539192
NVDA,2022-06-17 20:00:00,158.6418,63096244
NVDA,2022-06-21 20:00:00,165.495,48355304
NVDA,2022-06-22 20:00:00,163.437,43843416
NVDA,2022-06-23 20:00:00,162.0884,46414188
NVDA,2022-06-24 20:00:00,171.0894,47262360
NVDA,2022-06-27 20:00:00,168.522,42839456
NVDA,2022-06-28 20:00:00,159.6608,46213368
NVDA,2022-06-29 20:00:00,155.2652,48283320
NVDA,2022-06-30 20:00:00,151.439,68675408
NVDA,2022-07-01 20:00:00,145.0853,57818596
NVDA,2022-07-05 20:00:00,149.491,65285788
NVDA,2022-07-06 20:00:00,151.1493,52959336
NVDA,2022-07-07 20:00:00,158.422,49339420
NVDA,2022-07-08 20:00:00,158.2222,46843832
NVDA,2022-07-11 20:00:00,151.3691,43882584
NVDA,2022-07-12 20:00:00,150.6698,45889520
NVDA,2022-07-13 20:00:00,151.489,52243872
NVDA,2022-07-14 20:00:00,153.5669,45568872
NVDA,2022-07-15 20:00:00,157.463,38632024
NVDA,2022-07-18 20:00:00,160.8496,67118600
NVDA,2022-07-19 20:00:00,169.7508,70306640
NVDA,2022-07-20 20:00:00,177.8926,76129608
NVDA,2022-07-21 20:00:00,180.3202,55760468
NVDA,2022-07-22 20:00:00,173.0175,53719024
NVDA,2022-07-25 20:00:00,170.0704,48122684
NVDA,2022-07-26 20:00:00,165.1653,39826160
NVDA,2022-07-27 20:00:00,177.7228,57034432
NVDA,2022-07-28 20:00:00,179.6609,47511952
NVDA,2022-07-29 20:00:00,181.4491,43589460
NVDA,2022-08-01 20:00:00,184.2263,47694408
NVDA,2022-08-02 20:00:00,185.0755,49001500
NVDA,2022-08-03 20:00:00,188.7418,41856248
NVDA,2022-08-04 20:00:00,191.9586,41006072
NVDA,2022-08-05 20:00:00,189.7009,38622800
NVDA,2022-08-08 20:00:00,177.7528,98463272
NVDA,2022-08-09 20:00:00,170.6898,66892892
NVDA,2022-08-10 20:00:00,180.7897,59801812
NVDA,2022-08-11 20:00:00,179.2413,50983436
NVDA,2022-08-12 20:00:00,186.9037,47857080
NVDA,2022-08-15 20:00:00,190.1304,45812188
NVDA,2022-08-16 20:00:00,188.602,45168952
NVDA,2022-08-17 20:00:00,183.1674,44684820
NVDA,2022-08-18 20:00:00,187.543,41586076
NVDA,2022-08-19 20:00:00,178.3122,44202860
NVDA,2022-08-22 20:00:00,170.1703,41000108
NVDA,2022-08-23 20:00:00,171.6389,37035464
NVDA,2022-08-24 20:00:00,172.0485,52316728
NVDA,2022-08-25 20:00:00,178.9516,77145976
NVDA,2022-08-26 20:00:00,162.438,76983168
NVDA,2022-08-29 20:00:00,157.8526,49642640
NVDA,2022-08-30 20:00:00,154.5259,53063120
NVDA,2022-08-31 20:00:00,150.7897,57428184
NVDA,2022-09-01 20:00:00,139.2312,117884384
NVDA,2022-09-02 20:00:00,136.3341,74232784
NVDA,2022-09-06 20:00:00,134.5159,53603508
NVDA,2022-09-07 20:00:00,137.0441,51231568
NVDA,2022-09-08 20:00:00,139.8022,62531032
NVDA,2022-09-09 20:00:00,143.7694,48746924
NVDA,2022-09-12 20:00:00,144.9486,48430984
NVDA,2022-09-13 20:00:00,131.2182,71531176
NVDA,2022-09-14 20:00:00,131.1882,58855804
NVDA,2022-09-15 20:00:00,129.1996,52399152
NVDA,2022-09-16 20:00:00,131.8877,67122072
NVDA,2022-09-19 20:00:00,133.7264,56895308
NVDA,2022-09-20 20:00:00,131.6679,52518496
NVDA,2022-09-21 20:00:00,132.5173,80807936
NVDA,2022-09-22 20:00:00,125.5222,75969328
NVDA,2022-09-23 20:00:00,125.0725,66302188
NVDA,2022-09-26 20:00:00,122.1945,54772564
NVDA,2022-09-27 20:00:00,124.0432,55371120
NVDA,2022-09-28 20:00:00,127.271,54279340
NVDA,2022-09-29 20:00:00,122.1146,53287168
NVDA,2022-09-30 20:00:00,121.3051,56603416
NVDA,2022-10-03 20:00:00,125.0325,54772144
NVDA,2022-10-04 20:00:00,131.5779,58459040
NVDA,2022-10-05 20:00:00,131.9976,50748556
NVDA,2022-10-06 20:00:00,131.2082,64429988
NVDA,2022-10-07 20:00:00,120.6756,67294864
NVDA,2022-10-10 20:00:00,116.6184,69904304
NVDA,2022-10-11 20:00:00,115.779,66794864
NVDA,2022-10-12 20:00:00,114.9196,49293484
NVDA,2022-10-13 20:00:00,119.5164,85081424
NVDA,2022-10-14 20:00:00,112.1915,71397520
NVDA,2022-10-17 20:00:00,118.7969,58096536
NVDA,2022-10-18 20:00:00,119.5863,65941312
NVDA,2022-10-19 20:00:00,120.4257,52335700
NVDA,2022-10-20 20:00:00,121.8547,65285508
NVDA,2022-10-21 20:00:00,124.5728,60996800
NVDA,2022-10-24 20:00:00,125.9019,51781944
NVDA,2022-10-25 20:00:00,132.5173,50583600
NVDA,2022-10-26 20:00:00,128.8698,53595352
NVDA,2022-10-27 20:00:00,131.6679,58303124
NVDA,2022-10-28 20:00:00,138.2433,52140748
NVDA,2022-10-31 20:00:00,134.8756,48701896
NVDA,2022-11-01 20:00:00,135.3353,43302896
NVDA,2022-11-02 20:00:00,132.0976,67310048
NVDA,2022-11-03 20:00:00,134.1162,46598384
NVDA,2022-11-04 20:00:00,141.461,61254380
NVDA,2022-11-07 21:00:00,142.91,41034632
NVDA,2022-11-08 21:00:00,145.9179,59542888
NVDA,2022-11-09 21:00:00,137.6637,45461592
NVDA,2022-11-10 21:00:00,157.3899,70164000
NVDA,2022-11-11 21:00:00,163.1558,65594608
NVDA,2022-11-14 21:00:00,162.8361,52760760
NVDA,2022-11-15 21:00:00,166.5435,54625744
NVDA,2022-11-16 21:00:00,158.9888,64991544
NVDA,2022-11-17 21:00:00,156.6604,71113248
NVDA,2022-11-18 21:00:00,153.9823,49242120
NVDA,2022-11-21 21:00:00,153.0629,40429604
NVDA,2022-11-22 21:00:00,160.2679,47295776
NVDA,2022-11-23 21:00:00,165.0745,42753984
NVDA,2022-11-25 21:00:00,162.5862,16805180
NVDA,2022-11-28 21:00:00,158.1593,30387116
NVDA,2022-11-29 21:00:00,156.2807,27984876
NVDA,2022-11-30 21:00:00,169.1549,56472384
NVDA,2022-12-01 21:00:00,171.274,47082564
NVDA,2022-12-02 21:00:00,168.6852,37154228
NVDA,2022-12-05 21:00:00,166.0263,35241172
NVDA,2022-12-06 21:00:00,159.7991,35327640
NVDA,2022-12-07 21:00:00,161.1285,37223768
NVDA,2022-12-08 21:00:00,171.6139,51505340
NVDA,2022-12-09 21:00:00,169.9346,46554440
NVDA,2022-12-12 21:00:00,175.2722,45753072
NVDA,2022-12-13 21:00:00,180.6398,65695812
NVDA,2022-12-14 21:00:00,176.6616,50088496
NVDA,2022-12-15 21:00:00,169.4448,47876820
NVDA,2022-12-16 21:00:00,165.6365,47868964
NVDA,2022-12-19 21:00:00,162.4679,35233456
NVDA,2022-12-20 21:00:00,160.7787,40823520
NVDA,2022-12-21 21:00:00,164.9368,32504658
NVDA,2022-12-22 21:00:00,153.322,56508064
NVDA,2022-12-23 21:00:00,151.9926,34942376
NVDA,2022-12-27 21:00:00,141.1474,46713180
NVDA,2022-12-28 21:00:00,140.2977,35195088
NVDA,2022-12-29 21:00:00,145.9652,35484788
NVDA,2022-12-30 21:00:00,146.0752,31052726
NVDA,2023-01-03 21:00:00,143.0865,40133208
NVDA,2023-01-04 21:00:00,147.4246,43064892
NVDA,2023-01-05 21:00:00,142.5867,37132412
NVDA,2023-01-06 21:00:00,148.5241,40472848
NVDA,2023-01-09 21:00:00,156.2107,50434816
NVDA,2023-01-10 21:00:00,159.0194,38397600
NVDA,2023-01-11 21:00:00,159.939,35329176
NVDA,2023-01-12 21:00:00,165.0368,55149232
NVDA,2023-01-13 21:00:00,168.915,44727708
NVDA,2023-01-17 21:00:00,176.9415,34750040
NVDA,2023-01-18 21:00:00,173.6929,43911168
NVDA,2023-01-19 21:00:00,167.5756,45291752
NVDA,2023-01-20 21:00:00,178.3109,56482112
NVDA,2023-01-23 21:00:00,191.8449,65520796
NVDA,2023-01-24 21:00:00,192.5646,49582384
NVDA,2023-01-25 21:00:00,193.1443,44951700
NVDA,2023-01-26 21:00:00,197.9322,48936800
NVDA,2023-01-27 21:00:00,203.5597,54213632
NVDA,2023-01-30 21:00:00,191.535,48862092
NVDA,2023-01-31 21:00:00,195.2833,49798796
NVDA,2023-02-01 21:00:00,209.3371,66014716
NVDA,2023-02-02 21:00:00,216.9937,56414684
NVDA,2023-02-03 21:00:00,210.9064,42943432
NVDA,2023-02-06 21:00:00,210.7965,45226568
NVDA,2023-02-07 21:00:00,221.6317,66329380
NVDA,2023-02-08 21:00:00,221.9515,55683880
NVDA,2023-02-09 21:00:00,223.2709,52363248
NVDA,2023-02-10 21:00:00,212.5557,55084808
NVDA,2023-02-13 21:00:00,217.7834,47480376
NVDA,2023-02-14 21:00:00,229.6081,67526896
NVDA,2023-02-15 21:00:00,227.539,42113140
NVDA,2023-02-16 21:00:00,219.9224,41185988
NVDA,2023-02-17 21:00:00,213.7851,46587308
NVDA,2023-02-21 21:00:00,206.4584,40989380
NVDA,2023-02-22 21:00:00,207.448,51097872
NVDA,2023-02-23 21:00:00,236.535,112234536
NVDA,2023-02-24 21:00:00,232.7567,58979292
NVDA,2023-02-27 21:00:00,234.9058,45319468
NVDA,2023-02-28 21:00:00,232.057,45612580
NVDA,2023-03-01 21:00:00,226.8793,45982764
NVDA,2023-03-02 21:00:00,233.0366,39048016
NVDA,2023-03-03 21:00:00,238.794,41257628
NVDA,2023-03-06 21:00:00,235.4355,43740744
NVDA,2023-03-07 21:00:00,232.8163,51554124
NVDA,2023-03-08 21:00:00,241.7438,51387228
NVDA,2023-03-09 21:00:00,234.2958,50134044
NVDA,2023-03-10 21:00:00,229.5871,47385080
NVDA,2023-03-13 20:00:00,229.5971,42100216
NVDA,2023-03-14 20:00:00,240.5641,47161704
NVDA,2023-03-15 20:00:00,242.2137,51778116
NVDA,2023-03-16 20:00:00,255.3401,57754424
NVDA,2023-03-17 20:00:00,257.1796,84872888
NVDA,2023-03-20 20:00:00,258.9291,43286568
NVDA,2023-03-21 20:00:00,261.9183,54529496
NVDA,2023-03-22 20:00:00,264.6075,79227192
NVDA,2023-03-23 20:00:00,271.8356,56172928
NVDA,2023-03-24 20:00:00,267.7167,45166636
NVDA,2023-03-27 20:00:00,265.2374,36025448
NVDA,2023-03-28 20:00:00,264.0277,35536520
NVDA,2023-03-29 20:00:00,269.7661,39131472
NVDA,2023-03-30 20:00:00,273.755,35634924
NVDA,2023-03-31 20:00:00,277.694,43198856
NVDA,2023-04-03 20:00:00,279.5734,39612060
NVDA,2023-04-04 20:00:00,274.4548,36644552
NVDA,2023-04-05 20:00:00,268.7364,50329992
NVDA,2023-04-06 20:00:00,270.296,38133472
NVDA,2023-04-10 20:00:00,275.7145,37986136
NVDA,2023-04-11 20:00:00,271.6156,30219378
NVDA,2023-04-12 20:00:00,264.8775,44638112
NVDA,2023-04-13 20:00:00,264.5576,35222260
NVDA,2023-04-14 20:00:00,267.5068,39308860
NVDA,2023-04-17 20:00:00,269.9461,31351280
NVDA,2023-04-18 20:00:00,276.5943,60281720
NVDA,2023-04-19 20:00:00,279.2335,35138376
NVDA,2023-04-20 20:00:00,270.9658,42408960
NVDA,2023-04-21 20:00:00,271.1158,34259956
NVDA,2023-04-24 20:00:00,270.346,32655080
NVDA,2023-04-25 20:00:00,262.3382,36830496
NVDA,2023-04-26 20:00:00,269.4862,40484032
NVDA,2023-04-27 20:00:00,272.1855,37440960
NVDA,2023-04-28 20:00:00,277.414,29117432
NVDA,2023-05-01 20:00:00,289.0209,56609208
NVDA,2023-05-02 20:00:00,282.0228,39628392
NVDA,2023-05-03 20:00:00,277.9439,38107432
NVDA,2023-05-04 20:00:00,275.5446,31938976
NVDA,2023-05-05 20:00:00,286.7215,35375664
NVDA,2023-05-08 20:00:00,291.4302,34366104
NVDA,2023-05-09 20:00:00,285.6318,30254736
NVDA,2023-05-10 20:00:00,288.7709,36855588
NVDA,2023-05-11 20:00:00,285.7018,32129540
NVDA,2023-05-12 20:00:00,283.3224,27381240
NVDA,2023-05-15 20:00:00,289.4507,29303316
NVDA,2023-05-16 20:00:00,292.05,44760344
NVDA,2023-05-17 20:00:00,301.6974,42503416
NVDA,2023-05-18 20:00:00,316.6933,73900736
NVDA,2023-05-19 20:00:00,312.5544,46746388
NVDA,2023-05-22 20:00:00,311.6747,36977704
NVDA,2023-05-23 20:00:00,306.796,35462964
NVDA,2023-05-24 20:00:00,305.2964,51802120
NVDA,2023-05-25 20:00:00,379.696,153424016
NVDA,2023-05-26 20:00:00,389.3534,71405624
NVDA,2023-05-30 20:00:00,401.0002,92361096
NVDA,2023-05-31 20:00:00,378.2364,100285472
NVDA,2023-06-01 20:00:00,397.5911,63604504
NVDA,2023-06-02 20:00:00,393.1623,48271636
NVDA,2023-06-05 20:00:00,391.6028,39376736
NVDA,2023-06-06 20:00:00,386.4342,37997116
NVDA,2023-06-07 20:00:00,374.6862,51171544
NVDA,2023-06-08 20:00:00,385.0344,41564092
NVDA,2023-06-09 20:00:00,387.374,34727604
NVDA,2023-06-12 20:00:00,394.7528,38437968
NVDA,2023-06-13 20:00:00,410.1501,60762476
NVDA,2023-06-14 20:00:00,429.8968,72863872
NVDA,2023-06-15 20:00:00,426.4574,56702960
NVDA,2023-06-16 20:00:00,426.8473,64755948
NVDA,2023-06-20 20:00:00,438.0054,44777068
NVDA,2023-06-21 20:00:00,430.3767,54759600
NVDA,2023-06-22 20:00:00,430.1767,40804576
NVDA,2023-06-23 20:00:00,422.0181,35460480
NVDA,2023-06-26 20:00:00,406.2508,58866384
NVDA,2023-06-27 20:00:00,418.6887,44829164
NVDA,2023-06-28 20:00:00,411.1,57991156
NVDA,2023-06-29 20:00:00,408.1505,37372148
NVDA,2023-06-30 20:00:00,422.948,49534724
NVDA,2023-07-03 20:00:00,424.0578,19819012
NVDA,2023-07-05 20:00:00,423.0979,32151332
NVDA,2023-07-07 20:00:00,424.9576,35408360
NVDA,2023-07-10 20:00:00,421.7282,34654208
NVDA,2023-07-11 20:00:00,423.9778,28913452
NVDA,2023-07-12 20:00:00,438.9452,47546876
NVDA,2023-07-13 20:00:00,459.6917,46945376
NVDA,2023-07-14 20:00:00,454.6126,76723456
NVDA,2023-07-17 20:00:00,464.5309,50493096
NVDA,2023-07-18 20:00:00,474.8591,56573540
NVDA,2023-07-19 20:00:00,470.6898,42059840
NVDA,2023-07-20 20:00:00,455.1225,53185640
NVDA,2023-07-21 20:00:00,443.0146,85777216
NVDA,2023-07-24 20:00:00,446.044,36653148
NVDA,2023-07-25 20:00:00,456.7122,33700256
NVDA,2023-07-26 20:00:00,454.4426,36122984
NVDA,2023-07-27 20:00:00,458.9218,45250148
NVDA,2023-07-28 20:00:00,467.4204,32529402
NVDA,2023-07-31 20:00:00,467.2104,24986680
NVDA,2023-08-01 20:00:00,464.9908,23298926
NVDA,2023-08-02 20:00:00,442.6146,52613872
NVDA,2023-08-03 20:00:00,445.0742,32117626
NVDA,2023-08-04 20:00:00,446.7239,36017100
NVDA,2023-08-07 20:00:00,454.0877,32054766
NVDA,2023-08-08 20:00:00,446.5639,35135824
NVDA,2023-08-09 20:00:00,425.4675,57913324
NVDA,2023-08-10 20:00:00,423.8078,48895016
NVDA,2023-08-11 20:00:00,408.4804,52933512
NVDA,2023-08-14 20:00:00,437.4555,67453352
NVDA,2023-08-15 20:00:00,439.3252,67185216
NVDA,2023-08-16 20:00:00,434.786,52208696
NVDA,2023-08-17 20:00:00,433.3612,44864808
NVDA,2023-08-18 20:00:00,432.9163,58017348
NVDA,2023-08-21 20:00:00,469.59,67699712
NVDA,2023-08-22 20:00:00,456.6022,74927800
NVDA,2023-08-23 20:00:00,471.0798,69040560
NVDA,2023-08-24 20:00:00,471.5497,114944296
NVDA,2023-08-25 20:00:00,460.1016,92251344
NVDA,2023-08-28 20:00:00,468.2703,68180560
NVDA,2023-08-29 20:00:00,487.7569,69686184
NVDA,2023-08-30 20:00:00,492.5561,72035184
NVDA,2023-08-31 20:00:00,493.466,52772076
NVDA,2023-09-01 20:00:00,485.0074,46264804
NVDA,2023-09-05 20:00:00,485.3973,37268516
NVDA,2023-09-06 20:00:00,470.5686,46720452
NVDA,2023-09-07 20:00:00,462.3694,43223972
NVDA,2023-09-08 20:00:00,455.6799,45447964
NVDA,2023-09-11 20:00:00,451.7403,46809316
NVDA,2023-09-12 20:00:00,448.6606,34290656
NVDA,2023-09-13 20:00:00,454.81,39096864
NVDA,2023-09-14 20:00:00,455.7699,35722568
NVDA,2023-09-15 20:00:00,438.9614,50127512
NVDA,2023-09-18 20:00:00,439.6214,49739472
NVDA,2023-09-19 20:00:00,435.1617,37309704
NVDA,2023-09-20 20:00:00,422.3529,35909752
NVDA,2023-09-21 20:00:00,410.1339,44575444
NVDA,2023-09-22 20:00:00,416.0634,46493192
NVDA,2023-09-25 20:00:00,422.1829,41269192
NVDA,2023-09-26 20:00:00,419.0732,40022464
NVDA,2023-09-27 20:00:00,424.6427,43702528
NVDA,2023-09-28 20:00:00,430.8521,42365388
NVDA,2023-09-29 20:00:00,434.9518,39586500
NVDA,2023-10-02 20:00:00,447.7806,42863584
NVDA,2023-10-03 20:00:00,435.1318,46829028
NVDA,2023-10-04 20:00:00,440.3713,36011592
NVDA,2023-10-05 20:00:00,446.8407,39206760
NVDA,2023-10-06 20:00:00,457.5798,42958776
NVDA,2023-10-09 20:00:00,452.6902,40808048
NVDA,2023-10-10 20:00:00,457.9397,35950260
NVDA,2023-10-11 20:00:00,468.0189,37453776
NVDA,2023-10-12 20:00:00,469.4087,47973856
NVDA,2023-10-13 20:00:00,454.57,47305100
NVDA,2023-10-16 20:00:00,460.9095,37105104
NVDA,2023-10-17 20:00:00,439.3414,80753888
NVDA,2023-10-18 20:00:00,421.9229,62309816
NVDA,2023-10-19 20:00:00,420.973,48962688
NVDA,2023-10-20 20:00:00,413.8336,47160100
NVDA,2023-10-23 20:00:00,429.7122,47281448
NVDA,2023-10-24 20:00:00,436.5916,38368624
NVDA,2023-10-25 20:00:00,417.7533,38261684
NVDA,2023-10-26 20:00:00,403.2246,53195108
NVDA,2023-10-27 20:00:00,404.9644,41183900
NVDA,2023-10-30 20:00:00,411.5738,38286140
NVDA,2023-10-31 20:00:00,407.7642,51316216
NVDA,2023-11-01 20:00:00,423.2128,43207520
NVDA,2023-11-02 20:00:00,435.0218,39877864
NVDA,2023-11-03 20:00:00,450.0104,41631636
NVDA,2023-11-06 21:00:00,457.4698,39885240
NVDA,2023-11-07 21:00:00,459.5096,34145216
NVDA,2023-11-08 21:00:00,465.6991,34429148
NVDA,2023-11-09 21:00:00,469.4587,53378848
NVDA,2023-11-10 21:00:00,483.3075,41282988
NVDA,2023-11-13 21:00:00,486.1573,38281176
NVDA,2023-11-14 21:00:00,496.5164,41325572
NVDA,2023-11-15 21:00:00,488.837,47082480
NVDA,2023-11-16 21:00:00,494.7565,33410290
NVDA,2023-11-17 21:00:00,492.9367,31958548
NVDA,2023-11-20 21:00:00,504.0457,40909256
NVDA,2023-11-21 21:00:00,499.3961,47040984
NVDA,2023-11-22 21:00:00,487.1172,89718976
NVDA,2023-11-24 21:00:00,477.718,29382812
NVDA,2023-11-27 21:00:00,482.3776,39367348
NVDA,2023-11-28 21:00:00,478.168,38942800
NVDA,2023-11-29 21:00:00,481.3577,36037264
NVDA,2023-11-30 21:00:00,467.6589,51754532
NVDA,2023-12-01 21:00:00,467.6089,35818612
NVDA,2023-12-04 21:00:00,455.06,42864528
NVDA,2023-12-05 21:00:00,465.66,36199804
NVDA,2023-12-06 21:00:00,455.03,36703600
NVDA,2023-12-07 21:00:00,465.96,34131460
NVDA,2023-12-08 21:00:00,475.06,35096276
NVDA,2023-12-11 21:00:00,466.27,50035488
NVDA,2023-12-12 21:00:00,476.57,36847232
NVDA,2023-12-13 21:00:00,480.88,43379280
NVDA,2023-12-14 21:00:00,483.5,38141080
NVDA,2023-12-15 21:00:00,488.9,47813212
NVDA,2023-12-18 21:00:00,500.77,40884856
NVDA,2023-12-19 21:00:00,496.04,46296584
NVDA,2023-12-20 21:00:00,481.11,39327012
NVDA,2023-12-21 21:00:00,489.9,29901536
NVDA,2023-12-22 21:00:00,488.3,25135772
NVDA,2023-12-26 21:00:00,492.79,24268968
NVDA,2023-12-27 21:00:00,494.17,23211844
NVDA,2023-12-28 21:00:00,495.22,24417568
NVDA,2023-12-29 21:00:00,495.22,38799580
NVDA,2024-01-02 21:00:00,481.68,40836052
NVDA,2024-01-03 21:00:00,475.69,31810028
NVDA,2024-01-04 21:00:00,479.98,30434854
NVDA,2024-01-05 21:00:00,490.97,41087624
NVDA,2024-01-08 21:00:00,522.53,62927216
NVDA,2024-01-09 21:00:00,531.4,76497704
NVDA,2024-01-10 21:00:00,543.5,52795044
NVDA,2024-01-11 21:00:00,548.22,59354408
NVDA,2024-01-12 21:00:00,547.1,35080732
NVDA,2024-01-16 21:00:00,563.82,44126648
NVDA,2024-01-17 21:00:00,560.53,47235624
NVDA,2024-01-18 21:00:00,571.07,48585304
NVDA,2024-01-19 21:00:00,594.91,52303096
NVDA,2024-01-22 21:00:00,596.54,44658144
NVDA,2024-01-23 21:00:00,598.73,29096920
NVDA,2024-01-24 21:00:00,613.62,55699852
NVDA,2024-01-25 21:00:00,616.17,47281412
NVDA,2024-01-26 21:00:00,610.31,39014076
NVDA,2024-01-29 21:00:00,624.65,33680320
NVDA,2024-01-30 21:00:00,627.74,39396128
NVDA,2024-01-31 21:00:00,615.27,45055668
NVDA,2024-02-01 21:00:00,630.27,35899080
NVDA,2024-02-02 21:00:00,661.6,47215920
NVDA,2024-02-05 21:00:00,693.32,66959028
NVDA,2024-02-06 21:00:00,682.23,67729000
NVDA,2024-02-07 21:00:00,700.99,48416664
NVDA,2024-02-08 21:00:00,696.41,41067508
NVDA,2024-02-09 21:00:00,721.33,43201000
NVDA,2024-02-12 21:00:00,722.48,60962960
NVDA,2024-02-13 21:00:00,721.28,59741116
NVDA,2024-02-14 21:00:00,739.0,50491744
NVDA,2024-02-15 21:00:00,726.58,41520252
NVDA,2024-02-16 21:00:00,726.13,49005564
NVDA,2024-02-20 21:00:00,694.52,69522808
NVDA,2024-02-21 21:00:00,674.72,54992224
NVDA,2024-02-22 21:00:00,785.38,84425768
NVDA,2024-02-23 21:00:00,788.17,81901968
NVDA,2024-02-26 21:00:00,790.92,49821732
NVDA,2024-02-27 21:00:00,787.01,39454960
NVDA,2024-02-28 21:00:00,776.63,37889008
NVDA,2024-02-29 21:00:00,791.12,49780420
NVDA,2024-03-01 21:00:00,822.79,47250392
NVDA,2024-03-04 21:00:00,852.37,60573388
NVDA,2024-03-05 21:00:00,859.64,51279756
NVDA,2024-03-06 21:00:00,887.0,57521560
NVDA,2024-03-07 21:00:00,926.69,58409916
NVDA,2024-03-08 21:00:00,875.28,111734512
NVDA,2024-03-11 20:00:00,857.74,66572492
NVDA,2024-03-12 20:00:00,919.13,65391952
NVDA,2024-03-13 20:00:00,908.88,62681116
NVDA,2024-03-14 20:00:00,879.44,59669504
NVDA,2024-03-15 20:00:00,878.365,63198256
NVDA,2024-03-18 20:00:00,884.55,64300160
NVDA,2024-03-19 20:00:00,893.98,66560708
NVDA,2024-03-20 20:00:00,903.72,46895496
NVDA,2024-03-21 20:00:00,914.35,47793532
NVDA,2024-03-22 20:00:00,942.89,58199376
NVDA,2024-03-25 20:00:00,950.02,54640484
NVDA,2024-03-26 20:00:00,925.61,50545416
NVDA,2024-03-27 20:00:00,902.5,58177988
NVDA,2024-03-28 20:00:00,903.56,43101848
NVDA,2024-04-01 20:00:00,903.63,44798064
NVDA,2024-04-02 20:00:00,894.52,42646448
NVDA,2024-04-03 20:00:00,889.64,36746920
NVDA,2024-04-04 20:00:00,859.05,42814860
NVDA,2024-04-05 20:00:00,880.08,39780928
NVDA,2024-04-08 20:00:00,871.33,27899648
NVDA,2024-04-09 20:00:00,853.54,49970312
NVDA,2024-04-10 20:00:00,870.39,42892472
NVDA,2024-04-11 20:00:00,906.16,42699048
NVDA,2024-04-12 20:00:00,881.86,42139604
NVDA,2024-04-15 20:00:00,860.01,43812548
NVDA,2024-04-16 20:00:00,874.15,36505784
NVDA,2024-04-17 20:00:00,840.35,48904408
NVDA,2024-04-18 20:00:00,846.71,44286628
NVDA,2024-04-19 20:00:00,762.0,86491328
NVDA,2024-04-22 20:00:00,795.18,59288420
TSLA,2022-01-03 21:00:00,399.9267,104686032
TSLA,2022-01-04 21:00:00,383.1967,99798256
TSLA,2022-01-05 21:00:00,362.7067,80119800
TSLA,2022-01-06 21:00:00,354.9,90324504
TSLA,2022-01-07 21:00:00,342.32,83999744
TSLA,2022-01-10 21:00:00,352.7067,91814880
TSLA,2022-01-11 21:00:00,354.8,66045208
TSLA,2022-01-12 21:00:00,368.74,83739016
TSLA,2022-01-13 21:00:00,343.8533,96909160
TSLA,2022-01-14 21:00:00,349.87,72916008
TSLA,2022-01-18 21:00:00,343.5033,66389408
TSLA,2022-01-19 21:00:00,331.8833,75429288
TSLA,2022-01-20 21:00:00,332.09,70488744
TSLA,2022-01-21 21:00:00,314.6333,103236024
TSLA,2022-01-24 21:00:00,310.0,152325648
TSLA,2022-01-25 21:00:00,306.1333,85502704
TSLA,2022-01-26 21:00:00,312.47,104867280
TSLA,2022-01-27 21:00:00,276.3667,147106272
TSLA,2022-01-28 21:00:00,282.1167,134778864
TSLA,2022-01-31 21:00:00,312.24,104253488
TSLA,2022-02-01 21:00:00,310.4167,73138336
TSLA,2022-02-02 21:00:00,301.8867,66791056
TSLA,2022-02-03 21:00:00,297.0467,78855560
TSLA,2022-02-04 21:00:00,307.7733,73622072
TSLA,2022-02-07 21:00:00,302.4467,60244464
TSLA,2022-02-08 21:00:00,307.3333,50729012
TSLA,2022-02-09 21:00:00,310.6667,52259544
TSLA,2022-02-10 21:00:00,301.5167,66126832
TSLA,2022-02-11 21:00:00,286.6667,79640920
TSLA,2022-02-14 21:00:00,291.92,67756416
TSLA,2022-02-15 21:00:00,307.4767,57649544
TSLA,2022-02-16 21:00:00,307.7967,51275048
TSLA,2022-02-17 21:00:00,292.1167,55178416
TSLA,2022-02-18 21:00:00,285.66,68246840
TSLA,2022-02-22 21:00:00,273.8433,83199104
TSLA,2022-02-23 21:00:00,254.68,95230640
TSLA,2022-02-24 21:00:00,266.9233,135304208
TSLA,2022-02-25 21:00:00,269.9567,76018264
TSLA,2022-02-28 21:00:00,290.1433,99006864
TSLA,2022-03-01 21:00:00,288.1233,74616864
TSLA,2022-03-02 21:00:00,293.2967,74640256
TSLA,2022-03-03 21:00:00,279.7633,61620508
TSLA,2022-03-04 21:00:00,279.43,67165464
TSLA,2022-03-07 21:00:00,268.1933,72494176
TSLA,2022-03-08 21:00:00,274.8,80369104
TSLA,2022-03-09 21:00:00,286.3233,59172668
TSLA,2022-03-10 21:00:00,279.4333,58648644
TSLA,2022-03-11 21:00:00,265.1167,67037168
TSLA,2022-03-14 20:00:00,255.4567,71131264
TSLA,2022-03-15 20:00:00,267.2967,66839704
TSLA,2022-03-16 20:00:00,280.0767,84028824
TSLA,2022-03-17 20:00:00,290.5333,66582972
TSLA,2022-03-18 20:00:00,301.7967,100378192
TSLA,2022-03-21 20:00:00,307.0533,81980352
TSLA,2022-03-22 20:00:00,331.3267,105838856
TSLA,2022-03-23 20:00:00,333.0367,120476472
TSLA,2022-03-24 20:00:00,337.9733,68914880
TSLA,2022-03-25 20:00:00,336.88,61968848
TSLA,2022-03-28 20:00:00,363.9467,102300576
TSLA,2022-03-29 20:00:00,366.5233,73601608
TSLA,2022-03-30 20:00:00,364.6633,59865008
TSLA,2022-03-31 20:00:00,359.2,48992756
TSLA,2022-04-01 20:00:00,361.53,54263224
TSLA,2022-04-04 20:00:00,381.8167,82177704
TSLA,2022-04-05 20:00:00,363.7533,79925016
TSLA,2022-04-06 20:00:00,348.5867,89348536
TSLA,2022-04-07 20:00:00,352.42,79436256
TSLA,2022-04-08 20:00:00,341.83,54777668
TSLA,2022-04-11 20:00:00,325.31,59357204
TSLA,2022-04-12 20:00:00,328.9833,65976096
TSLA,2022-04-13 20:00:00,340.79,55104912
TSLA,2022-04-14 20:00:00,328.3333,58413104
TSLA,2022-04-18 20:00:00,334.7633,51712160
TSLA,2022-04-19 20:00:00,342.7167,49814232
TSLA,2022-04-20 20:00:00,325.7333,70604768
TSLA,2022-04-21 20:00:00,336.26,105409696
TSLA,2022-04-22 20:00:00,335.0167,69680656
TSLA,2022-04-25 20:00:00,332.6733,68341336
TSLA,2022-04-26 20:00:00,292.14,136091664
TSLA,2022-04-27 20:00:00,293.8367,76956400
TSLA,2022-04-28 20:00:00,292.5033,124940392
TSLA,2022-04-29 20:00:00,290.2533,88124592
TSLA,2022-05-02 20:00:00,300.98,75781368
TSLA,2022-05-03 20:00:00,303.0833,63709576
TSLA,2022-05-04 20:00:00,317.54,81568704
TSLA,2022-05-05 20:00:00,291.0933,92519192
TSLA,2022-05-06 20:00:00,288.55,72895912
TSLA,2022-05-09 20:00:00,262.37,90195672
TSLA,2022-05-10 20:00:00,266.68,84401632
TSLA,2022-05-11 20:00:00,244.6667,96846760
TSLA,2022-05-12 20:00:00,242.6667,140312864
TSLA,2022-05-13 20:00:00,256.53,92000720
TSLA,2022-05-16 20:00:00,241.4567,86094216
TSLA,2022-05-17 20:00:00,253.87,80236112
TSLA,2022-05-18 20:00:00,236.6033,87211808
TSLA,2022-05-19 20:00:00,236.4733,90296672
TSLA,2022-05-20 20:00:00,221.3,144926800
TSLA,2022-05-23 20:00:00,224.9667,88847840
TSLA,2022-05-24 20:00:00,209.3867,89079616
TSLA,2022-05-25 20:00:00,219.6,92139328
TSLA,2022-05-26 20:00:00,235.91,105103344
TSLA,2022-05-27 20:00:00,253.21,89296224
TSLA,2022-05-31 20:00:00,252.7533,101914368
TSLA,2022-06-01 20:00:00,246.79,77247960
TSLA,2022-06-02 20:00:00,258.3333,93473120
TSLA,2022-06-03 20:00:00,234.5167,112393736
TSLA,2022-06-06 20:00:00,238.28,84204520
TSLA,2022-06-07 20:00:00,238.8867,72790648
TSLA,2022-06-08 20:00:00,241.8667,76090624
TSLA,2022-06-09 20:00:00,239.7067,96292408
TSLA,2022-06-10 20:00:00,232.23,98060896
TSLA,2022-06-13 20:00:00,215.7367,102767264
TSLA,2022-06-14 20:00:00,220.89,97979792
TSLA,2022-06-15 20:00:00,233.0,119115136
TSLA,2022-06-16 20:00:00,213.1,107390672
TSLA,2022-06-17 20:00:00,216.76,92138968
TSLA,2022-06-21 20:00:00,237.0367,122792952
TSLA,2022-06-22 20:00:00,236.0867,101527264
TSLA,2022-06-23 20:00:00,235.07,104202680
TSLA,2022-06-24 20:00:00,245.7067,94900696
TSLA,2022-06-27 20:00:00,244.92,89178312
TSLA,2022-06-28 20:00:00,232.6633,90661464
TSLA,2022-06-29 20:00:00,228.49,82897256
TSLA,2022-06-30 20:00:00,224.4733,94150448
TSLA,2022-07-01 20:00:00,227.2633,74460448
TSLA,2022-07-05 20:00:00,233.0667,84779112
TSLA,2022-07-06 20:00:00,231.7333,71853632
TSLA,2022-07-07 20:00:00,244.5433,81930688
TSLA,2022-07-08 20:00:00,250.7633,101854088
TSLA,2022-07-11 20:00:00,234.3433,99509216
TSLA,2022-07-12 20:00:00,233.07,87930960
TSLA,2022-07-13 20:00:00,237.04,97954496
TSLA,2022-07-14 20:00:00,238.3133,78549072
TSLA,2022-07-15 20:00:00,240.0667,69678160
TSLA,2022-07-18 20:00:00,240.5467,82526112
TSLA,2022-07-19 20:00:00,245.53,80890112
TSLA,2022-07-20 20:00:00,247.5,88564088
TSLA,2022-07-21 20:00:00,271.7067,141966560
TSLA,2022-07-22 20:00:00,272.2433,103462320
TSLA,2022-07-25 20:00:00,268.4333,64073504
TSLA,2022-07-26 20:00:00,258.86,66820760
TSLA,2022-07-27 20:00:00,274.82,88109984
TSLA,2022-07-28 20:00:00,280.9,84722992
TSLA,2022-07-29 20:00:00,297.15,95312880
TSLA,2022-08-01 20:00:00,297.2767,117042888
TSLA,2022-08-02 20:00:00,300.5867,95577472
TSLA,2022-08-03 20:00:00,307.3967,79630904
TSLA,2022-08-04 20:00:00,308.6333,72189720
TSLA,2022-08-05 20:00:00,288.17,113154784
TSLA,2022-08-08 20:00:00,290.4233,99365272
TSLA,2022-08-09 20:00:00,283.3333,86244680
TSLA,2022-08-10 20:00:00,294.3567,94903568
TSLA,2022-08-11 20:00:00,286.63,70155048
TSLA,2022-08-12 20:00:00,300.03,79657288
TSLA,2022-08-15 20:00:00,309.32,89359168
TSLA,2022-08-16 20:00:00,306.5633,88071760
TSLA,2022-08-17 20:00:00,303.9967,68765968
TSLA,2022-08-18 20:00:00,302.87,47500536
TSLA,2022-08-19 20:00:00,296.6667,61395388
TSLA,2022-08-22 20:00:00,289.9133,55843348
TSLA,2022-08-23 20:00:00,296.4533,63985044
TSLA,2022-08-24 20:00:00,297.0967,57254676
TSLA,2022-08-25 20:00:00,296.07,53208412
TSLA,2022-08-26 20:00:00,288.09,57111448
TSLA,2022-08-29 20:00:00,284.82,41847824
TSLA,2022-08-30 20:00:00,277.7,50539284
TSLA,2022-08-31 20:00:00,275.61,52107336
TSLA,2022-09-01 20:00:00,277.16,54282224
TSLA,2022-09-02 20:00:00,270.21,50890088
TSLA,2022-09-06 20:00:00,274.42,55847384
TSLA,2022-09-07 20:00:00,283.7,50013916
TSLA,2022-09-08 20:00:00,289.26,53713124
TSLA,2022-09-09 20:00:00,299.68,54470856
TSLA,2022-09-12 20:00:00,304.42,48674604
TSLA,2022-09-13 20:00:00,292.13,68229616
TSLA,2022-09-14 20:00:00,302.61,72628656
TSLA,2022-09-15 20:00:00,303.75,64771524
TSLA,2022-09-16 20:00:00,303.35,87034288
TSLA,2022-09-19 20:00:00,309.07,60231156
TSLA,2022-09-20 20:00:00,308.73,61595784
TSLA,2022-09-21 20:00:00,300.8,62498656
TSLA,2022-09-22 20:00:00,288.59,70531912
TSLA,2022-09-23 20:00:00,275.33,63702160
TSLA,2022-09-26 20:00:00,276.01,57846912
TSLA,2022-09-27 20:00:00,282.94,61925184
TSLA,2022-09-28 20:00:00,287.81,54642016
TSLA,2022-09-29 20:00:00,268.21,77613144
TSLA,2022-09-30 20:00:00,265.25,67684992
TSLA,2022-10-03 20:00:00,242.4,98363544
TSLA,2022-10-04 20:00:00,249.44,109128536
TSLA,2022-10-05 20:00:00,240.81,86982672
TSLA,2022-10-06 20:00:00,238.13,69298440
TSLA,2022-10-07 20:00:00,223.07,83916800
TSLA,2022-10-10 20:00:00,222.96,67918616
TSLA,2022-10-11 20:00:00,216.5,77013200
TSLA,2022-10-12 20:00:00,217.24,66714948
TSLA,2022-10-13 20:00:00,221.72,91489592
TSLA,2022-10-14 20:00:00,204.99,94146648
TSLA,2022-10-17 20:00:00,219.35,79428808
TSLA,2022-10-18 20:00:00,220.19,75890224
TSLA,2022-10-19 20:00:00,222.04,66434288
TSLA,2022-10-20 20:00:00,207.28,117818800
TSLA,2022-10-21 20:00:00,214.44,75725536
TSLA,2022-10-24 20:00:00,211.25,100444904
TSLA,2022-10-25 20:00:00,222.415,96507872
TSLA,2022-10-26 20:00:00,224.64,85327552
TSLA,2022-10-27 20:00:00,225.09,61606000
TSLA,2022-10-28 20:00:00,228.52,69152560
TSLA,2022-10-31 20:00:00,227.54,61556832
TSLA,2022-11-01 20:00:00,227.82,62678224
TSLA,2022-11-02 20:00:00,214.98,63470408
TSLA,2022-11-03 20:00:00,215.31,52714820
TSLA,2022-11-04 20:00:00,207.47,98491088
TSLA,2022-11-07 21:00:00,197.08,93916472
TSLA,2022-11-08 21:00:00,191.3,128684064
TSLA,2022-11-09 21:00:00,177.59,126979896
TSLA,2022-11-10 21:00:00,190.72,132731776
TSLA,2022-11-11 21:00:00,195.97,114378776
TSLA,2022-11-14 21:00:00,190.95,92031264
TSLA,2022-11-15 21:00:00,194.42,91030136
TSLA,2022-11-16 21:00:00,186.92,66568080
TSLA,2022-11-17 21:00:00,183.17,64283448
TSLA,2022-11-18 21:00:00,180.19,76034288
TSLA,2022-11-21 21:00:00,167.87,92440240
TSLA,2022-11-22 21:00:00,169.91,78427960
TSLA,2022-11-23 21:00:00,183.2,109539216
TSLA,2022-11-25 21:00:00,182.86,50709324
TSLA,2022-11-28 21:00:00,182.92,92878424
TSLA,2022-11-29 21:00:00,180.83,79906464
TSLA,2022-11-30 21:00:00,194.7,108852000
TSLA,2022-12-01 21:00:00,194.7,80022792
TSLA,2022-12-02 21:00:00,194.86,73592360
TSLA,2022-12-05 21:00:00,182.45,93158304
TSLA,2022-12-06 21:00:00,179.82,92181824
TSLA,2022-12-07 21:00:00,174.04,84164584
TSLA,2022-12-08 21:00:00,173.44,97497936
TSLA,2022-12-09 21:00:00,179.05,104872336
TSLA,2022-12-12 21:00:00,167.82,109794320
TSLA,2022-12-13 21:00:00,160.95,176077632
TSLA,2022-12-14 21:00:00,156.8,141109728
TSLA,2022-12-15 21:00:00,157.67,122275280
TSLA,2022-12-16 21:00:00,150.23,139061184
TSLA,2022-12-19 21:00:00,149.87,138622752
TSLA,2022-12-20 21:00:00,137.8,159423312
TSLA,2022-12-21 21:00:00,137.57,145298048
TSLA,2022-12-22 21:00:00,125.35,209947840
TSLA,2022-12-23 21:00:00,123.15,166968768
TSLA,2022-12-27 21:00:00,109.1,208578912
TSLA,2022-12-28 21:00:00,112.71,220868400
TSLA,2022-12-29 21:00:00,121.82,221618816
TSLA,2022-12-30 21:00:00,123.18,157591888
TSLA,2023-01-03 21:00:00,108.1,231207136
TSLA,2023-01-04 21:00:00,113.64,180092000
TSLA,2023-01-05 21:00:00,110.34,147395728
TSLA,2023-01-06 21:00:00,113.06,220512944
TSLA,2023-01-09 21:00:00,119.77,190050288
TSLA,2023-01-10 21:00:00,118.85,167540608
TSLA,2023-01-11 21:00:00,123.22,183666576
TSLA,2023-01-12 21:00:00,123.56,169288560
TSLA,2023-01-13 21:00:00,122.4,180607360
TSLA,2023-01-17 21:00:00,131.49,51331468
TSLA,2023-01-18 21:00:00,128.78,58566308
TSLA,2023-01-19 21:00:00,127.17,170158528
TSLA,2023-01-20 21:00:00,133.42,138696768
TSLA,2023-01-23 21:00:00,143.75,202952416
TSLA,2023-01-24 21:00:00,143.89,158224240
TSLA,2023-01-25 21:00:00,144.43,191834304
TSLA,2023-01-26 21:00:00,160.27,235631152
TSLA,2023-01-27 21:00:00,177.9,306132512
TSLA,2023-01-30 21:00:00,166.66,230629536
TSLA,2023-01-31 21:00:00,173.22,196689776
TSLA,2023-02-01 21:00:00,181.41,213491264
TSLA,2023-02-02 21:00:00,188.27,217301776
TSLA,2023-02-03 21:00:00,189.98,232418224
TSLA,2023-02-06 21:00:00,194.76,186180032
TSLA,2023-02-07 21:00:00,196.81,185997760
TSLA,2023-02-08 21:00:00,201.29,179539776
TSLA,2023-02-09 21:00:00,207.32,214776272
TSLA,2023-02-10 21:00:00,196.89,204647920
TSLA,2023-02-13 21:00:00,194.64,172314672
TSLA,2023-02-14 21:00:00,209.25,216075744
TSLA,2023-02-15 21:00:00,214.24,181814144
TSLA,2023-02-16 21:00:00,202.04,229654768
TSLA,2023-02-17 21:00:00,208.31,213534208
TSLA,2023-02-21 21:00:00,197.37,179768288
TSLA,2023-02-22 21:00:00,200.86,191597120
TSLA,2023-02-23 21:00:00,202.07,146286272
TSLA,2023-02-24 21:00:00,196.88,142139104
TSLA,2023-02-27 21:00:00,207.63,161056000
TSLA,2023-02-28 21:00:00,205.71,153167968
TSLA,2023-03-01 21:00:00,202.77,155743216
TSLA,2023-03-02 21:00:00,190.9,181877168
TSLA,2023-03-03 21:00:00,197.79,154106448
TSLA,2023-03-06 21:00:00,193.81,128013304
TSLA,2023-03-07 21:00:00,187.71,147949200
TSLA,2023-03-08 21:00:00,182.0,151822528
TSLA,2023-03-09 21:00:00,172.92,169606304
TSLA,2023-03-10 21:00:00,173.44,190555136
TSLA,2023-03-13 20:00:00,174.48,168808112
TSLA,2023-03-14 20:00:00,183.26,142688192
TSLA,2023-03-15 20:00:00,180.45,144606464
TSLA,2023-03-16 20:00:00,184.13,120761840
TSLA,2023-03-17 20:00:00,180.13,132536480
TSLA,2023-03-20 20:00:00,183.25,129284360
TSLA,2023-03-21 20:00:00,197.58,152890640
TSLA,2023-03-22 20:00:00,191.15,149036544
TSLA,2023-03-23 20:00:00,192.22,143395600
TSLA,2023-03-24 20:00:00,190.41,115756488
TSLA,2023-03-27 20:00:00,191.81,120255136
TSLA,2023-03-28 20:00:00,189.19,98184640
TSLA,2023-03-29 20:00:00,193.88,123025512
TSLA,2023-03-30 20:00:00,195.28,109596696
TSLA,2023-03-31 20:00:00,207.46,169026272
TSLA,2023-04-03 20:00:00,194.77,168625648
TSLA,2023-04-04 20:00:00,192.58,125901880
TSLA,2023-04-05 20:00:00,185.52,133196368
TSLA,2023-04-06 20:00:00,185.06,123337120
TSLA,2023-04-10 20:00:00,184.51,141592192
TSLA,2023-04-11 20:00:00,186.79,114981320
TSLA,2023-04-12 20:00:00,180.54,150256272
TSLA,2023-04-13 20:00:00,185.9,112337440
TSLA,2023-04-14 20:00:00,185.0,96037312
TSLA,2023-04-17 20:00:00,187.04,116180128
TSLA,2023-04-18 20:00:00,184.31,91483624
TSLA,2023-04-19 20:00:00,180.59,114335736
TSLA,2023-04-20 20:00:00,162.99,209468160
TSLA,2023-04-21 20:00:00,165.08,122741552
TSLA,2023-04-24 20:00:00,162.55,139442032
TSLA,2023-04-25 20:00:00,160.67,120984568
TSLA,2023-04-26 20:00:00,153.75,152358736
TSLA,2023-04-27 20:00:00,160.19,125985496
TSLA,2023-04-28 20:00:00,164.31,122147264
TSLA,2023-05-01 20:00:00,161.83,108570440
TSLA,2023-05-02 20:00:00,160.31,127272352
TSLA,2023-05-03 20:00:00,160.61,118793752
TSLA,2023-05-04 20:00:00,161.2,94613320
TSLA,2023-05-05 20:00:00,170.06,107195496
TSLA,2023-05-08 20:00:00,171.79,111862072
TSLA,2023-05-09 20:00:00,169.15,88627912
TSLA,2023-05-10 20:00:00,168.54,119551888
TSLA,2023-05-11 20:00:00,172.08,101452704
TSLA,2023-05-12 20:00:00,167.98,157236000
TSLA,2023-05-15 20:00:00,166.35,104923176
TSLA,2023-05-16 20:00:00,166.52,95089152
TSLA,2023-05-17 20:00:00,173.86,124924592
TSLA,2023-05-18 20:00:00,176.89,107834832
TSLA,2023-05-19 20:00:00,180.14,135230512
TSLA,2023-05-22 20:00:00,188.87,131226016
TSLA,2023-05-23 20:00:00,185.77,156077888
TSLA,2023-05-24 20:00:00,182.9,135629664
TSLA,2023-05-25 20:00:00,184.47,95122832
TSLA,2023-05-26 20:00:00,193.17,162030448
TSLA,2023-05-30 20:00:00,201.16,128811184
TSLA,2023-05-31 20:00:00,203.93,150663744
TSLA,2023-06-01 20:00:00,207.52,148029936
TSLA,2023-06-02 20:00:00,213.97,164397952
TSLA,2023-06-05 20:00:00,217.61,150314336
TSLA,2023-06-06 20:00:00,221.31,144499088
TSLA,2023-06-07 20:00:00,224.57,185630592
TSLA,2023-06-08 20:00:00,234.86,153494032
TSLA,2023-06-09 20:00:00,244.2,172390080
TSLA,2023-06-12 20:00:00,249.83,149742672
TSLA,2023-06-13 20:00:00,258.71,159757696
TSLA,2023-06-14 20:00:00,256.79,169139440
TSLA,2023-06-15 20:00:00,255.9,158765024
TSLA,2023-06-16 20:00:00,260.54,166954944
TSLA,2023-06-20 20:00:00,274.45,162183008
TSLA,2023-06-21 20:00:00,259.46,209416192
TSLA,2023-06-22 20:00:00,264.61,164543936
TSLA,2023-06-23 20:00:00,256.6,175713728
TSLA,2023-06-26 20:00:00,241.05,177604000
TSLA,2023-06-27 20:00:00,250.21,163199920
TSLA,2023-06-28 20:00:00,256.24,158825840
TSLA,2023-06-29 20:00:00,257.5,130602064
TSLA,2023-06-30 20:00:00,261.77,111808088
TSLA,2023-07-03 20:00:00,279.82,119608688
TSLA,2023-07-05 20:00:00,282.48,130438544
TSLA,2023-07-06 20:00:00,276.54,120707416
TSLA,2023-07-07 20:00:00,274.43,113285720
TSLA,2023-07-10 20:00:00,269.61,118860512
TSLA,2023-07-11 20:00:00,269.79,91517352
TSLA,2023-07-12 20:00:00,271.99,95174976
TSLA,2023-07-13 20:00:00,277.9,109327952
TSLA,2023-07-14 20:00:00,281.38,117384176
TSLA,2023-07-17 20:00:00,290.38,130221224
TSLA,2023-07-18 20:00:00,293.34,111715056
TSLA,2023-07-19 20:00:00,291.26,133491568
TSLA,2023-07-20 20:00:00,262.9,173468592
TSLA,2023-07-21 20:00:00,260.02,160563760
TSLA,2023-07-24 20:00:00,269.06,135718528
TSLA,2023-07-25 20:00:00,265.28,111948720
TSLA,2023-07-26 20:00:00,264.35,95508136
TSLA,2023-07-27 20:00:00,255.71,102870096
TSLA,2023-07-28 20:00:00,266.44,109422648
TSLA,2023-07-31 20:00:00,267.43,84285520
TSLA,2023-08-01 20:00:00,261.07,82520880
TSLA,2023-08-02 20:00:00,254.11,100995408
TSLA,2023-08-03 20:00:00,259.32,96966968
TSLA,2023-08-04 20:00:00,253.86,98971216
TSLA,2023-08-07 20:00:00,251.45,110699104
TSLA,2023-08-08 20:00:00,249.7,96368112
TSLA,2023-08-09 20:00:00,242.19,100065208
TSLA,2023-08-10 20:00:00,245.34,109065984
TSLA,2023-08-11 20:00:00,242.65,99217048
TSLA,2023-08-14 20:00:00,239.76,98156208
TSLA,2023-08-15 20:00:00,232.96,87381184
TSLA,2023-08-16 20:00:00,225.6,111613024
TSLA,2023-08-17 20:00:00,219.22,119272440
TSLA,2023-08-18 20:00:00,215.49,135343792
TSLA,2023-08-21 20:00:00,231.28,134597984
TSLA,2023-08-22 20:00:00,233.19,130769712
TSLA,2023-08-23 20:00:00,236.86,99771064
TSLA,2023-08-24 20:00:00,230.04,99430272
TSLA,2023-08-25 20:00:00,238.59,106151744
TSLA,2023-08-28 20:00:00,238.82,107322672
TSLA,2023-08-29 20:00:00,257.18,133403072
TSLA,2023-08-30 20:00:00,256.9,121883976
TSLA,2023-08-31 20:00:00,258.08,108688952
TSLA,2023-09-01 20:00:00,245.01,132127456
TSLA,2023-09-05 20:00:00,256.49,129086064
TSLA,2023-09-06 20:00:00,251.92,116545024
TSLA,2023-09-07 20:00:00,251.49,114988392
TSLA,2023-09-08 20:00:00,248.5,118230544
TSLA,2023-09-11 20:00:00,273.58,173703936
TSLA,2023-09-12 20:00:00,267.48,135500160
TSLA,2023-09-13 20:00:00,271.3,111193240
TSLA,2023-09-14 20:00:00,276.04,107140960
TSLA,2023-09-15 20:00:00,274.39,133253544
TSLA,2023-09-18 20:00:00,265.28,101673968
TSLA,2023-09-19 20:00:00,266.5,103704040
TSLA,2023-09-20 20:00:00,262.59,121783424
TSLA,2023-09-21 20:00:00,255.7,119083776
TSLA,2023-09-22 20:00:00,244.88,126512912
TSLA,2023-09-25 20:00:00,246.99,104245424
TSLA,2023-09-26 20:00:00,244.12,101548872
TSLA,2023-09-27 20:00:00,240.5,136199552
TSLA,2023-09-28 20:00:00,246.38,116685832
TSLA,2023-09-29 20:00:00,250.22,128091376
TSLA,2023-10-02 20:00:00,251.6,123425552
TSLA,2023-10-03 20:00:00,246.53,101524256
TSLA,2023-10-04 20:00:00,261.16,128916904
TSLA,2023-10-05 20:00:00,260.05,118806656
TSLA,2023-10-06 20:00:00,260.53,117660352
TSLA,2023-10-09 20:00:00,259.67,101010368
TSLA,2023-10-10 20:00:00,263.62,122431768
TSLA,2023-10-11 20:00:00,262.99,103396352
TSLA,2023-10-12 20:00:00,258.87,110818104
TSLA,2023-10-13 20:00:00,251.12,101814088
TSLA,2023-10-16 20:00:00,253.92,88656488
TSLA,2023-10-17 20:00:00,254.85,93303480
TSLA,2023-10-18 20:00:00,242.68,115318744
TSLA,2023-10-19 20:00:00,220.11,169762640
TSLA,2023-10-20 20:00:00,211.99,137565856
TSLA,2023-10-23 20:00:00,212.08,149253328
TSLA,2023-10-24 20:00:00,216.52,117536488
TSLA,2023-10-25 20:00:00,212.42,105205496
TSLA,2023-10-26 20:00:00,205.76,114140632
TSLA,2023-10-27 20:00:00,207.3,94568624
TSLA,2023-10-30 20:00:00,197.36,135540176
TSLA,2023-10-31 20:00:00,200.84,117587664
TSLA,2023-11-01 20:00:00,205.66,120674360
TSLA,2023-11-02 20:00:00,218.51,124615968
TSLA,2023-11-03 20:00:00,219.96,118741472
TSLA,2023-11-06 21:00:00,219.27,116547904
TSLA,2023-11-07 21:00:00,222.18,116003200
TSLA,2023-11-08 21:00:00,222.11,105643608
TSLA,2023-11-09 21:00:00,209.98,141268112
TSLA,2023-11-10 21:00:00,214.65,130620104
TSLA,2023-11-13 21:00:00,223.71,138722592
TSLA,2023-11-14 21:00:00,237.41,147478880
TSLA,2023-11-15 21:00:00,242.84,149589840
TSLA,2023-11-16 21:00:00,233.59,135430560
TSLA,2023-11-17 21:00:00,234.3,142059536
TSLA,2023-11-20 21:00:00,235.6,115842016
TSLA,2023-11-21 21:00:00,241.2,121348696
TSLA,2023-11-22 21:00:00,234.21,117752656
TSLA,2023-11-24 21:00:00,235.45,65030868
TSLA,2023-11-27 21:00:00,236.08,111502480
TSLA,2023-11-28 21:00:00,246.72,147171280
TSLA,2023-11-29 21:00:00,244.14,134623152
TSLA,2023-11-30 21:00:00,240.08,129159040
TSLA,2023-12-01 21:00:00,238.83,120946896
TSLA,2023-12-04 21:00:00,235.58,103789744
TSLA,2023-12-05 21:00:00,238.72,137371456
TSLA,2023-12-06 21:00:00,239.37,125933392
TSLA,2023-12-07 21:00:00,242.64,106683448
TSLA,2023-12-08 21:00:00,243.84,102731656
TSLA,2023-12-11 21:00:00,239.74,97335600
TSLA,2023-12-12 21:00:00,237.01,95068208
TSLA,2023-12-13 21:00:00,239.29,145319056
TSLA,2023-12-14 21:00:00,251.05,160323008
TSLA,2023-12-15 21:00:00,253.5,135356704
TSLA,2023-12-18 21:00:00,252.08,115439408
TSLA,2023-12-19 21:00:00,257.22,106280280
TSLA,2023-12-20 21:00:00,247.14,124054408
TSLA,2023-12-21 21:00:00,254.5,108939128
TSLA,2023-12-22 21:00:00,252.54,93049720
TSLA,2023-12-26 21:00:00,256.61,86630544
TSLA,2023-12-27 21:00:00,261.44,105848936
TSLA,2023-12-28 21:00:00,253.18,112469024
TSLA,2023-12-29 21:00:00,248.48,100345248
TSLA,2024-01-02 21:00:00,248.42,104068016
TSLA,2024-01-03 21:00:00,238.45,120493864
TSLA,2024-01-04 21:00:00,237.93,102212320
TSLA,2024-01-05 21:00:00,237.49,92249464
TSLA,2024-01-08 21:00:00,240.45,84743528
TSLA,2024-01-09 21:00:00,234.96,96330456
TSLA,2024-01-10 21:00:00,233.94,91323984
TSLA,2024-01-11 21:00:00,227.22,104880768
TSLA,2024-01-12 21:00:00,218.89,123183584
TSLA,2024-01-16 21:00:00,219.91,114846616
TSLA,2024-01-17 21:00:00,215.55,102761936
TSLA,2024-01-18 21:00:00,211.88,107800320
TSLA,2024-01-19 21:00:00,212.19,99690096
TSLA,2024-01-22 21:00:00,208.8,116658608
TSLA,2024-01-23 21:00:00,209.14,105402000
TSLA,2024-01-24 21:00:00,207.83,113494248
TSLA,2024-01-25 21:00:00,182.63,196677984
TSLA,2024-01-26 21:00:00,183.25,106745880
TSLA,2024-01-29 21:00:00,190.93,123613040
TSLA,2024-01-30 21:00:00,191.59,105532248
TSLA,2024-01-31 21:00:00,187.29,102229656
TSLA,2024-02-01 21:00:00,188.86,90644320
TSLA,2024-02-02 21:00:00,187.91,110046552
TSLA,2024-02-05 21:00:00,181.06,133550776
TSLA,2024-02-06 21:00:00,185.1,122264232
TSLA,2024-02-07 21:00:00,187.58,111136752
TSLA,2024-02-08 21:00:00,189.56,82780240
TSLA,2024-02-09 21:00:00,193.57,84092640
TSLA,2024-02-12 21:00:00,188.13,95010320
TSLA,2024-02-13 21:00:00,184.02,86425256
TSLA,2024-02-14 21:00:00,188.71,81202984
TSLA,2024-02-15 21:00:00,200.45,119392456
TSLA,2024-02-16 21:00:00,199.95,110646648
TSLA,2024-02-20 21:00:00,193.76,103898264
TSLA,2024-02-21 21:00:00,194.77,102391408
TSLA,2024-02-22 21:00:00,197.41,92161672
TSLA,2024-02-23 21:00:00,191.97,78454240
TSLA,2024-02-26 21:00:00,199.4,111371336
TSLA,2024-02-27 21:00:00,199.73,108296600
TSLA,2024-02-28 21:00:00,202.04,99058264
TSLA,2024-02-29 21:00:00,201.88,85226048
TSLA,2024-03-01 21:00:00,202.64,81875464
TSLA,2024-03-04 21:00:00,188.14,133923888
TSLA,2024-03-05 21:00:00,180.74,118415720
TSLA,2024-03-06 21:00:00,176.54,106603248
TSLA,2024-03-07 21:00:00,178.65,101501632
TSLA,2024-03-08 21:00:00,175.34,84896656
TSLA,2024-03-11 20:00:00,177.77,85021608
TSLA,2024-03-12 20:00:00,177.54,87013472
TSLA,2024-03-13 20:00:00,169.48,104755784
TSLA,2024-03-14 20:00:00,162.5,125480672
TSLA,2024-03-15 20:00:00,163.57,96604184
TSLA,2024-03-18 20:00:00,173.8,107195080
TSLA,2024-03-19 20:00:00,171.32,77096504
TSLA,2024-03-20 20:00:00,175.66,82797904
TSLA,2024-03-21 20:00:00,172.82,72432304
TSLA,2024-03-22 20:00:00,170.83,74969768
TSLA,2024-03-25 20:00:00,172.63,73773752
TSLA,2024-03-26 20:00:00,177.67,112387584
TSLA,2024-03-27 20:00:00,179.83,81024080
TSLA,2024-03-28 20:00:00,175.79,77179904
TSLA,2024-04-01 20:00:00,175.22,80742920
TSLA,2024-04-02 20:00:00,166.63,115300136
TSLA,2024-04-03 20:00:00,168.38,82217232
TSLA,2024-04-04 20:00:00,171.11,122068424
TSLA,2024-04-05 20:00:00,164.9,136624336
TSLA,2024-04-08 20:00:00,172.98,104004200
TSLA,2024-04-09 20:00:00,176.88,102323512
TSLA,2024-04-10 20:00:00,171.76,84025688
TSLA,2024-04-11 20:00:00,174.6,93940128
TSLA,2024-04-12 20:00:00,171.05,63785328
TSLA,2024-04-15 20:00:00,161.48,98954512
TSLA,2024-04-16 20:00:00,157.11,96173024
TSLA,2024-04-17 20:00:00,155.45,81718368
TSLA,2024-04-18 20:00:00,149.93,93859432
TSLA,2024-04-19 20:00:00,147.05,85629272
TSLA,2024-04-22 20:00:00,142.05,106327048
